policy_num,invoice_num,invoice_type,invoice_start_date,invoice_end_date,days_arrears_allowed,installment_num,premium
POL-7B470899,INV-140B0E91,Premium,2025-01-09,2025-07-08,60,1,894.01
POL-7B470899,INV-86B6030C,Refund,2025-07-08,2026-01-04,90,2,894.01
POL-7B470899,INV-306BB417,Premium,2026-01-04,2026-01-09,90,3,894.01
POL-65809B7D,INV-653FD591,Premium,2025-05-11,2025-08-09,30,1,860.44
POL-65809B7D,INV-8B974F41,Premium,2025-08-09,2025-11-07,30,2,860.44
POL-65809B7D,INV-0A4178AA,Premium,2025-11-07,2026-02-05,90,3,860.44
POL-65809B7D,INV-1E81ECE5,Premium,2026-02-05,2026-05-06,90,4,860.44
POL-65809B7D,INV-48C989CA,Premium,2026-05-06,2026-05-11,30,5,860.44
POL-B985E323,INV-3339DB63,Premium,2022-08-18,2022-11-16,90,1,1350.4
POL-B985E323,INV-2964B5F6,Refund,2022-11-16,2023-02-14,90,2,1350.4
POL-B985E323,INV-B4705295,Premium,2023-02-14,2023-05-15,30,3,1350.4
POL-B985E323,INV-74171CD0,Premium,2023-05-15,2023-08-13,60,4,1350.4
POL-B985E323,INV-1205A60D,Premium,2023-08-13,2023-08-18,30,5,1350.4
POL-8BF42F53,INV-CE4A1E1C,Premium,2022-04-29,2022-10-26,30,1,599.9
POL-8BF42F53,INV-4499CF8D,Premium,2022-10-26,2023-04-24,30,2,599.9
POL-8BF42F53,INV-C896759A,Premium,2023-04-24,2023-04-29,90,3,599.9
POL-0854D225,INV-56924D00,Premium,2022-06-25,2022-09-23,60,1,1703.83
POL-0854D225,INV-ED784A80,Premium,2022-09-23,2022-12-22,30,2,1703.83
POL-0854D225,INV-3BF5C128,Premium,2022-12-22,2023-03-22,60,3,1703.83
POL-0854D225,INV-1986F71A,Premium,2023-03-22,2023-06-20,60,4,1703.83
POL-0854D225,INV-45766653,Premium,2023-06-20,2023-06-25,30,5,1703.83
POL-12EA6561,INV-5E573260,Adjustment,2024-12-26,2025-01-25,30,1,514.26
POL-12EA6561,INV-2691A921,Premium,2025-01-25,2025-02-24,60,2,514.26
POL-12EA6561,INV-E6B64756,Premium,2025-02-24,2025-03-26,90,3,514.26
POL-12EA6561,INV-6E8AE78D,Premium,2025-03-26,2025-04-25,30,4,514.26
POL-12EA6561,INV-F2D1517F,Premium,2025-04-25,2025-05-25,90,5,514.26
POL-12EA6561,INV-1FBAA026,Adjustment,2025-05-25,2025-06-24,30,6,514.26
POL-12EA6561,INV-3B5662E6,Refund,2025-06-24,2025-07-24,30,7,514.26
POL-12EA6561,INV-C119A8E4,Premium,2025-07-24,2025-08-23,60,8,514.26
POL-12EA6561,INV-78FD6960,Premium,2025-08-23,2025-09-22,90,9,514.26
POL-12EA6561,INV-B735A710,Premium,2025-09-22,2025-10-22,90,10,514.26
POL-12EA6561,INV-67FC5EC2,Premium,2025-10-22,2025-11-21,60,11,514.26
POL-12EA6561,INV-673AAE96,Premium,2025-11-21,2025-12-21,90,12,514.26
POL-12EA6561,INV-4CE15C9B,Refund,2025-12-21,2025-12-26,60,13,514.26
POL-5C8B0ABF,INV-C38C56B9,Premium,2025-09-13,2025-10-13,90,1,1058.04
POL-5C8B0ABF,INV-916B2D82,Premium,2025-10-13,2025-11-12,30,2,1058.04
POL-5C8B0ABF,INV-6FA42B6C,Premium,2025-11-12,2025-12-12,60,3,1058.04
POL-5C8B0ABF,INV-6BB90308,Premium,2025-12-12,2026-01-11,30,4,1058.04
POL-5C8B0ABF,INV-33C82A98,Premium,2026-01-11,2026-02-10,90,5,1058.04
POL-5C8B0ABF,INV-E48EC70B,Premium,2026-02-10,2026-03-12,30,6,1058.04
POL-5C8B0ABF,INV-AAB231B1,Premium,2026-03-12,2026-04-11,90,7,1058.04
POL-5C8B0ABF,INV-7A1524B4,Premium,2026-04-11,2026-05-11,60,8,1058.04
POL-5C8B0ABF,INV-8DE3F108,Premium,2026-05-11,2026-06-10,60,9,1058.04
POL-5C8B0ABF,INV-C33E27A8,Premium,2026-06-10,2026-07-10,90,10,1058.04
POL-5C8B0ABF,INV-32EC7F1F,Adjustment,2026-07-10,2026-08-09,30,11,1058.04
POL-5C8B0ABF,INV-962BCF3E,Premium,2026-08-09,2026-09-08,60,12,1058.04
POL-4DA364BE,INV-0B2F2E65,Premium,2024-12-16,2025-06-14,90,1,1435.06
POL-4DA364BE,INV-6689ED34,Premium,2025-06-14,2025-12-11,30,2,1435.06
POL-4DA364BE,INV-3F050A1A,Premium,2025-12-11,2025-12-16,90,3,1435.06
POL-D8CEAA0B,INV-71A19AE3,Premium,2024-05-16,2024-11-12,60,1,466.67
POL-D8CEAA0B,INV-7854932E,Premium,2024-11-12,2025-05-11,30,2,466.67
POL-D8CEAA0B,INV-518EC7FE,Premium,2025-05-11,2025-05-16,60,3,466.67
POL-9713142F,INV-4B895EE4,Premium,2025-12-31,2026-03-31,60,1,1103.48
POL-9713142F,INV-B2C9C311,Premium,2026-03-31,2026-06-29,60,2,1103.48
POL-9713142F,INV-1CAF870C,Premium,2026-06-29,2026-09-27,90,3,1103.48
POL-74A732DF,INV-4CA0FA73,Premium,2024-06-16,2024-09-14,90,1,772.31
POL-74A732DF,INV-6120429A,Premium,2024-09-14,2024-12-13,30,2,772.31
POL-74A732DF,INV-121F1E97,Premium,2024-12-13,2025-03-13,60,3,772.31
POL-74A732DF,INV-AD380B0E,Premium,2025-03-13,2025-06-11,90,4,772.31
POL-74A732DF,INV-8FEB168D,Premium,2025-06-11,2025-06-16,30,5,772.31
POL-7829B280,INV-45E9CAEC,Premium,2022-09-05,2022-10-05,90,1,473.75
POL-7829B280,INV-63478BCB,Premium,2022-10-05,2022-11-04,30,2,473.75
POL-7829B280,INV-943E97DE,Refund,2022-11-04,2022-12-04,90,3,473.75
POL-7829B280,INV-A7121FF4,Premium,2022-12-04,2023-01-03,90,4,473.75
POL-7829B280,INV-42BF3302,Premium,2023-01-03,2023-02-02,30,5,473.75
POL-7829B280,INV-F40C038E,Premium,2023-02-02,2023-03-04,90,6,473.75
POL-7829B280,INV-72BFB5DC,Premium,2023-03-04,2023-04-03,60,7,473.75
POL-7829B280,INV-DBBBF28F,Premium,2023-04-03,2023-05-03,90,8,473.75
POL-7829B280,INV-14E5B2B0,Premium,2023-05-03,2023-06-02,60,9,473.75
POL-7829B280,INV-25072711,Adjustment,2023-06-02,2023-07-02,60,10,473.75
POL-7829B280,INV-19CF9601,Premium,2023-07-02,2023-08-01,60,11,473.75
POL-7829B280,INV-C314FD9A,Premium,2023-08-01,2023-08-31,30,12,473.75
POL-7829B280,INV-3E9CACFD,Adjustment,2023-08-31,2023-09-05,60,13,473.75
POL-CB397C4B,INV-A68FEDA0,Premium,2023-11-24,2024-05-22,90,1,788.03
POL-CB397C4B,INV-BEB70C0F,Adjustment,2024-05-22,2024-11-18,90,2,788.03
POL-CB397C4B,INV-06FAF662,Premium,2024-11-18,2024-11-23,30,3,788.03
POL-ADAC7E1D,INV-2B2256D5,Premium,2025-04-20,2025-05-20,60,1,620.97
POL-ADAC7E1D,INV-3CCD53BD,Adjustment,2025-05-20,2025-06-19,30,2,620.97
POL-ADAC7E1D,INV-AA628D4C,Premium,2025-06-19,2025-07-19,90,3,620.97
POL-ADAC7E1D,INV-D76F046F,Premium,2025-07-19,2025-08-18,30,4,620.97
POL-ADAC7E1D,INV-7637C21D,Premium,2025-08-18,2025-09-17,60,5,620.97
POL-ADAC7E1D,INV-673DC6C4,Premium,2025-09-17,2025-10-17,60,6,620.97
POL-ADAC7E1D,INV-62F36C80,Premium,2025-10-17,2025-11-16,30,7,620.97
POL-ADAC7E1D,INV-65C853A0,Premium,2025-11-16,2025-12-16,90,8,620.97
POL-ADAC7E1D,INV-2D5FDB9D,Premium,2025-12-16,2026-01-15,60,9,620.97
POL-ADAC7E1D,INV-7A18A422,Premium,2026-01-15,2026-02-14,90,10,620.97
POL-ADAC7E1D,INV-5E4CBF4A,Premium,2026-02-14,2026-03-16,30,11,620.97
POL-ADAC7E1D,INV-2325765D,Refund,2026-03-16,2026-04-15,90,12,620.97
POL-ADAC7E1D,INV-C4FC00D4,Premium,2026-04-15,2026-04-20,90,13,620.97
POL-680014F5,INV-C919B25A,Premium,2025-12-20,2026-01-19,90,1,352.41
POL-680014F5,INV-F1810F7F,Premium,2026-01-19,2026-02-18,30,2,352.41
POL-680014F5,INV-2009A6DF,Refund,2026-02-18,2026-03-20,30,3,352.41
POL-680014F5,INV-40CE0CED,Premium,2026-03-20,2026-04-19,30,4,352.41
POL-680014F5,INV-AC34A58A,Premium,2026-04-19,2026-05-19,30,5,352.41
POL-680014F5,INV-5014598B,Premium,2026-05-19,2026-06-18,90,6,352.41
POL-680014F5,INV-E4570B0E,Premium,2026-06-18,2026-07-18,90,7,352.41
POL-680014F5,INV-C078C22E,Premium,2026-07-18,2026-08-17,60,8,352.41
POL-680014F5,INV-74DF2C29,Refund,2026-08-17,2026-09-16,30,9,352.41
POL-680014F5,INV-AB59D1E0,Premium,2026-09-16,2026-10-16,30,10,352.41
POL-5357FF89,INV-83883285,Adjustment,2022-05-19,2022-08-17,90,1,739.77
POL-5357FF89,INV-8D174B11,Premium,2022-08-17,2022-11-15,30,2,739.77
POL-5357FF89,INV-7A0622A8,Adjustment,2022-11-15,2023-02-13,60,3,739.77
POL-5357FF89,INV-2C6E7BB8,Premium,2023-02-13,2023-05-14,60,4,739.77
POL-5357FF89,INV-EF8F45E9,Premium,2023-05-14,2023-05-19,90,5,739.77
POL-49E5E23A,INV-F8ADFAAB,Premium,2024-11-18,2025-02-16,90,1,539.54
POL-49E5E23A,INV-4EE6CC9F,Premium,2025-02-16,2025-05-17,90,2,539.54
POL-49E5E23A,INV-F75FDD7A,Premium,2025-05-17,2025-08-15,90,3,539.54
POL-49E5E23A,INV-78BF7A9C,Premium,2025-08-15,2025-11-13,30,4,539.54
POL-49E5E23A,INV-C984546A,Premium,2025-11-13,2025-11-18,60,5,539.54
POL-41C1AD30,INV-BFBF9111,Premium,2023-03-15,2023-04-14,90,1,673.61
POL-41C1AD30,INV-D052FA81,Premium,2023-04-14,2023-05-14,60,2,673.61
POL-41C1AD30,INV-688DFA10,Adjustment,2023-05-14,2023-06-13,90,3,673.61
POL-41C1AD30,INV-0206A1D9,Premium,2023-06-13,2023-07-13,60,4,673.61
POL-41C1AD30,INV-08875DA8,Premium,2023-07-13,2023-08-12,60,5,673.61
POL-41C1AD30,INV-F25F5C65,Premium,2023-08-12,2023-09-11,90,6,673.61
POL-41C1AD30,INV-4BB41CA1,Premium,2023-09-11,2023-10-11,60,7,673.61
POL-41C1AD30,INV-0144A4CA,Premium,2023-10-11,2023-11-10,90,8,673.61
POL-41C1AD30,INV-68DC06C6,Premium,2023-11-10,2023-12-10,90,9,673.61
POL-41C1AD30,INV-214CAC2D,Refund,2023-12-10,2024-01-09,60,10,673.61
POL-41C1AD30,INV-A30DD817,Adjustment,2024-01-09,2024-02-08,30,11,673.61
POL-41C1AD30,INV-B240B0B9,Premium,2024-02-08,2024-03-09,90,12,673.61
POL-41C1AD30,INV-B913AF12,Premium,2024-03-09,2024-03-14,30,13,673.61
POL-BE4ECF32,INV-D17A061A,Premium,2026-01-21,2026-07-20,90,1,1583.61
POL-BE4ECF32,INV-1ED6F7EF,Adjustment,2026-07-20,2027-01-16,30,2,1583.61
POL-286DB366,INV-3BDBCBA4,Premium,2023-05-13,2023-08-11,90,1,1322.6
POL-286DB366,INV-935F72AE,Adjustment,2023-08-11,2023-11-09,30,2,1322.6
POL-286DB366,INV-80C2E3EC,Premium,2023-11-09,2024-02-07,60,3,1322.6
POL-286DB366,INV-8BAF2BE5,Premium,2024-02-07,2024-05-07,90,4,1322.6
POL-286DB366,INV-8D7DDA21,Premium,2024-05-07,2024-05-12,30,5,1322.6
POL-3C9FF59C,INV-B7E1C8D5,Adjustment,2024-04-13,2024-05-13,90,1,1545.04
POL-3C9FF59C,INV-FD37A335,Premium,2024-05-13,2024-06-12,60,2,1545.04
POL-3C9FF59C,INV-50FEE7E8,Premium,2024-06-12,2024-07-12,60,3,1545.04
POL-3C9FF59C,INV-EE5C0083,Adjustment,2024-07-12,2024-08-11,30,4,1545.04
POL-3C9FF59C,INV-CFB0ACD3,Premium,2024-08-11,2024-09-10,30,5,1545.04
POL-3C9FF59C,INV-483AD0A4,Premium,2024-09-10,2024-10-10,60,6,1545.04
POL-3C9FF59C,INV-C4321297,Refund,2024-10-10,2024-11-09,90,7,1545.04
POL-3C9FF59C,INV-E8D775AE,Premium,2024-11-09,2024-12-09,30,8,1545.04
POL-3C9FF59C,INV-DB4CBC88,Premium,2024-12-09,2025-01-08,90,9,1545.04
POL-3C9FF59C,INV-234EFB15,Adjustment,2025-01-08,2025-02-07,60,10,1545.04
POL-3C9FF59C,INV-322D9DCE,Premium,2025-02-07,2025-03-09,60,11,1545.04
POL-3C9FF59C,INV-BF3AF05C,Adjustment,2025-03-09,2025-04-08,30,12,1545.04
POL-3C9FF59C,INV-CB4525A9,Premium,2025-04-08,2025-04-13,30,13,1545.04
POL-51A8C096,INV-A8E773D4,Premium,2025-09-11,2025-12-10,30,1,584.59
POL-51A8C096,INV-2A396077,Premium,2025-12-10,2026-03-10,60,2,584.59
POL-51A8C096,INV-48CFEB0F,Premium,2026-03-10,2026-06-08,30,3,584.59
POL-51A8C096,INV-B8646FE0,Premium,2026-06-08,2026-09-06,30,4,584.59
POL-51A8C096,INV-D8075431,Premium,2026-09-06,2026-09-11,60,5,584.59
POL-6AAC4FDC,INV-6A503811,Premium,2024-04-21,2024-10-18,90,1,1145.9
POL-6AAC4FDC,INV-81BA93EE,Premium,2024-10-18,2025-04-16,60,2,1145.9
POL-AB88208D,INV-2AF6A49E,Premium,2022-04-21,2022-07-20,90,1,1177.2
POL-AB88208D,INV-BD0D62C9,Premium,2022-07-20,2022-10-18,60,2,1177.2
POL-3EDF4634,INV-353E7012,Premium,2022-08-12,2022-09-11,30,1,1630.08
POL-3EDF4634,INV-832B6755,Premium,2022-09-11,2022-10-11,60,2,1630.08
POL-3EDF4634,INV-49A49C92,Refund,2022-10-11,2022-11-10,60,3,1630.08
POL-3EDF4634,INV-B410E0DE,Premium,2022-11-10,2022-12-10,60,4,1630.08
POL-3EDF4634,INV-9AE7E7BC,Premium,2022-12-10,2023-01-09,60,5,1630.08
POL-3EDF4634,INV-88752606,Premium,2023-01-09,2023-02-08,30,6,1630.08
POL-3EDF4634,INV-858FB85D,Refund,2023-02-08,2023-03-10,60,7,1630.08
POL-3EDF4634,INV-5D954B18,Premium,2023-03-10,2023-04-09,60,8,1630.08
POL-3EDF4634,INV-3512676D,Premium,2023-04-09,2023-05-09,90,9,1630.08
POL-3EDF4634,INV-F30FA10D,Premium,2023-05-09,2023-06-08,90,10,1630.08
POL-3EDF4634,INV-93A0B4CE,Premium,2023-06-08,2023-07-08,90,11,1630.08
POL-3EDF4634,INV-810E17CD,Premium,2023-07-08,2023-08-07,30,12,1630.08
POL-3EDF4634,INV-E3D18457,Premium,2023-08-07,2023-08-12,90,13,1630.08
POL-63538083,INV-0E8A2E99,Refund,2023-01-25,2023-04-25,90,1,1418.7
POL-63538083,INV-C4946B54,Premium,2023-04-25,2023-07-24,60,2,1418.7
POL-63538083,INV-DA402CDD,Premium,2023-07-24,2023-10-22,30,3,1418.7
POL-63538083,INV-BA6DB14B,Premium,2023-10-22,2024-01-20,60,4,1418.7
POL-63538083,INV-A4F41BFD,Premium,2024-01-20,2024-01-25,30,5,1418.7
POL-16E86406,INV-D53BAABE,Premium,2024-05-14,2024-08-12,90,1,1147.93
POL-16E86406,INV-0685D7B5,Premium,2024-08-12,2024-11-10,90,2,1147.93
POL-16E86406,INV-F5021DA7,Premium,2024-11-10,2025-02-08,90,3,1147.93
POL-C250D19B,INV-1FD90568,Premium,2022-06-04,2022-12-01,30,1,247.12
POL-C250D19B,INV-7ED6733E,Premium,2022-12-01,2023-05-30,60,2,247.12
POL-C250D19B,INV-B16E3475,Premium,2023-05-30,2023-06-04,60,3,247.12
POL-8416CF21,INV-C308D3F3,Premium,2022-04-14,2022-10-11,60,1,1339.66
POL-8416CF21,INV-F52E89CA,Premium,2022-10-11,2023-04-09,60,2,1339.66
POL-8416CF21,INV-C3FCA0F3,Premium,2023-04-09,2023-04-14,30,3,1339.66
POL-487F7143,INV-C79F8D1A,Adjustment,2022-07-11,2022-08-10,60,1,1432.8
POL-487F7143,INV-21A8BC9B,Premium,2022-08-10,2022-09-09,60,2,1432.8
POL-487F7143,INV-5EDD1539,Premium,2022-09-09,2022-10-09,60,3,1432.8
POL-487F7143,INV-4A548C0F,Adjustment,2022-10-09,2022-11-08,60,4,1432.8
POL-487F7143,INV-EABCBC11,Adjustment,2022-11-08,2022-12-08,60,5,1432.8
POL-487F7143,INV-91445F8B,Premium,2022-12-08,2023-01-07,60,6,1432.8
POL-487F7143,INV-3E95CB68,Premium,2023-01-07,2023-02-06,60,7,1432.8
POL-487F7143,INV-73990954,Adjustment,2023-02-06,2023-03-08,30,8,1432.8
POL-487F7143,INV-9BB782ED,Premium,2023-03-08,2023-04-07,30,9,1432.8
POL-487F7143,INV-A7B6CDA8,Adjustment,2023-04-07,2023-05-07,90,10,1432.8
POL-487F7143,INV-9BBE8D00,Premium,2023-05-07,2023-06-06,60,11,1432.8
POL-487F7143,INV-B5F96B91,Adjustment,2023-06-06,2023-07-06,90,12,1432.8
POL-487F7143,INV-B4D5F2DD,Premium,2023-07-06,2023-07-11,60,13,1432.8
POL-9AE6C85E,INV-31F22F08,Premium,2024-04-12,2024-05-12,60,1,103.94
POL-9AE6C85E,INV-4F4E93B2,Premium,2024-05-12,2024-06-11,90,2,103.94
POL-9AE6C85E,INV-0394314F,Premium,2024-06-11,2024-07-11,90,3,103.94
POL-9AE6C85E,INV-AE38B473,Premium,2024-07-11,2024-08-10,90,4,103.94
POL-9AE6C85E,INV-296BD8A3,Adjustment,2024-08-10,2024-09-09,30,5,103.94
POL-9AE6C85E,INV-8978B262,Premium,2024-09-09,2024-10-09,60,6,103.94
POL-9AE6C85E,INV-E0E9B687,Premium,2024-10-09,2024-11-08,90,7,103.94
POL-9AE6C85E,INV-F4C5E204,Premium,2024-11-08,2024-12-08,90,8,103.94
POL-9AE6C85E,INV-DB85EF34,Premium,2024-12-08,2025-01-07,30,9,103.94
POL-9AE6C85E,INV-A8927223,Premium,2025-01-07,2025-02-06,60,10,103.94
POL-9AE6C85E,INV-CF9C84D0,Adjustment,2025-02-06,2025-03-08,60,11,103.94
POL-9AE6C85E,INV-08E0E797,Premium,2025-03-08,2025-04-07,30,12,103.94
POL-44928616,INV-4244EBFF,Adjustment,2022-05-01,2022-07-30,60,1,320.42
POL-44928616,INV-EA3C5755,Refund,2022-07-30,2022-10-28,30,2,320.42
POL-44928616,INV-113E4833,Premium,2022-10-28,2023-01-26,90,3,320.42
POL-44928616,INV-85792C78,Premium,2023-01-26,2023-04-26,60,4,320.42
POL-44928616,INV-73B40821,Premium,2023-04-26,2023-05-01,90,5,320.42
POL-52BDA1E9,INV-AEEFFB5D,Premium,2022-01-05,2022-04-05,90,1,1277.95
POL-52BDA1E9,INV-AB09F1B0,Premium,2022-04-05,2022-07-04,30,2,1277.95
POL-52BDA1E9,INV-77914810,Adjustment,2022-07-04,2022-10-02,90,3,1277.95
POL-52BDA1E9,INV-928B3DB7,Premium,2022-10-02,2022-12-31,60,4,1277.95
POL-52BDA1E9,INV-8B68BDFE,Premium,2022-12-31,2023-01-05,60,5,1277.95
POL-8A209A7A,INV-8D434286,Premium,2023-08-08,2024-02-04,60,1,136.27
POL-8A209A7A,INV-93B88D02,Premium,2024-02-04,2024-08-02,30,2,136.27
POL-8A209A7A,INV-962B4D75,Adjustment,2024-08-02,2024-08-07,30,3,136.27
POL-36C40C99,INV-BD9F5074,Premium,2026-02-05,2026-08-04,90,1,1767.2
POL-36C40C99,INV-012E32AF,Premium,2026-08-04,2027-01-31,60,2,1767.2
POL-414BA055,INV-35512BF2,Adjustment,2022-11-14,2023-02-12,60,1,554.52
POL-414BA055,INV-CDD24658,Premium,2023-02-12,2023-05-13,30,2,554.52
POL-414BA055,INV-B52E1E4B,Premium,2023-05-13,2023-08-11,90,3,554.52
POL-414BA055,INV-F8910590,Refund,2023-08-11,2023-11-09,30,4,554.52
POL-414BA055,INV-D4695D6C,Premium,2023-11-09,2023-11-14,30,5,554.52
POL-89034C7A,INV-C3C1BAF0,Premium,2023-03-22,2023-09-18,30,1,1780.77
POL-89034C7A,INV-E3307607,Premium,2023-09-18,2024-03-16,90,2,1780.77
POL-89034C7A,INV-851460D2,Premium,2024-03-16,2024-03-21,30,3,1780.77
POL-01F71D0A,INV-5D10882B,Premium,2026-03-12,2026-04-11,30,1,1478.45
POL-01F71D0A,INV-165AFC9D,Premium,2026-04-11,2026-05-11,90,2,1478.45
POL-01F71D0A,INV-0FD2A7E6,Premium,2026-05-11,2026-06-10,30,3,1478.45
POL-01F71D0A,INV-77F3EFA5,Refund,2026-06-10,2026-07-10,90,4,1478.45
POL-01F71D0A,INV-5EC30DC4,Premium,2026-07-10,2026-08-09,30,5,1478.45
POL-D40775BD,INV-7D4AA34A,Adjustment,2024-10-26,2025-04-24,30,1,269.07
POL-D40775BD,INV-3B4AFE1F,Premium,2025-04-24,2025-10-21,30,2,269.07
POL-D40775BD,INV-1BFB543A,Premium,2025-10-21,2025-10-26,30,3,269.07
POL-836675CC,INV-97FFDB6B,Premium,2022-11-19,2023-05-18,90,1,379.7
POL-836675CC,INV-CBC692D4,Premium,2023-05-18,2023-11-14,30,2,379.7
POL-836675CC,INV-46D4B1AB,Premium,2023-11-14,2023-11-19,60,3,379.7
POL-87004BBC,INV-F0E643FA,Premium,2023-01-16,2023-02-15,90,1,851.03
POL-87004BBC,INV-445A6CFC,Premium,2023-02-15,2023-03-17,90,2,851.03
POL-87004BBC,INV-DD914777,Premium,2023-03-17,2023-04-16,90,3,851.03
POL-87004BBC,INV-9665D7BB,Premium,2023-04-16,2023-05-16,90,4,851.03
POL-87004BBC,INV-1CAA79DC,Premium,2023-05-16,2023-06-15,60,5,851.03
POL-4050CFCA,INV-38B3AB68,Premium,2024-04-06,2024-10-03,60,1,1186.55
POL-4050CFCA,INV-81CC9327,Premium,2024-10-03,2025-04-01,60,2,1186.55
POL-4050CFCA,INV-404B4D9F,Premium,2025-04-01,2025-04-06,60,3,1186.55
POL-B43BEF53,INV-1A7F43B0,Premium,2025-03-31,2025-04-30,30,1,1305.33
POL-B43BEF53,INV-FF5C3482,Premium,2025-04-30,2025-05-30,30,2,1305.33
POL-B43BEF53,INV-551548C9,Premium,2025-05-30,2025-06-29,60,3,1305.33
POL-B43BEF53,INV-D618C7B1,Premium,2025-06-29,2025-07-29,90,4,1305.33
POL-B43BEF53,INV-CECD6A20,Premium,2025-07-29,2025-08-28,60,5,1305.33
POL-B43BEF53,INV-9FFF9F1D,Premium,2025-08-28,2025-09-27,90,6,1305.33
POL-B43BEF53,INV-20A03A74,Premium,2025-09-27,2025-10-27,60,7,1305.33
POL-B43BEF53,INV-FC3613E2,Premium,2025-10-27,2025-11-26,60,8,1305.33
POL-B43BEF53,INV-68590E64,Premium,2025-11-26,2025-12-26,90,9,1305.33
POL-B43BEF53,INV-0B41A5C2,Premium,2025-12-26,2026-01-25,90,10,1305.33
POL-B43BEF53,INV-08AD4897,Premium,2026-01-25,2026-02-24,90,11,1305.33
POL-B43BEF53,INV-629C11F9,Premium,2026-02-24,2026-03-26,30,12,1305.33
POL-B43BEF53,INV-49E6B4B5,Premium,2026-03-26,2026-03-31,30,13,1305.33
POL-3EB9CEB6,INV-D715F8C0,Premium,2024-05-08,2024-08-06,60,1,791.76
POL-3EB9CEB6,INV-80FCEF3C,Premium,2024-08-06,2024-11-04,30,2,791.76
POL-3EB9CEB6,INV-DB297100,Premium,2024-11-04,2025-02-02,60,3,791.76
POL-3EB9CEB6,INV-F762804C,Premium,2025-02-02,2025-05-03,60,4,791.76
POL-8EBB9C46,INV-5B971C94,Premium,2025-10-03,2026-01-01,60,1,1720.18
POL-8EBB9C46,INV-CFB55E4A,Premium,2026-01-01,2026-04-01,30,2,1720.18
POL-8EBB9C46,INV-7BF25206,Premium,2026-04-01,2026-06-30,30,3,1720.18
POL-8EBB9C46,INV-32D2CB16,Premium,2026-06-30,2026-09-28,60,4,1720.18
POL-1958DB2B,INV-0C79AA43,Premium,2023-06-28,2023-07-28,90,1,1476.24
POL-1958DB2B,INV-95FA3681,Adjustment,2023-07-28,2023-08-27,90,2,1476.24
POL-1958DB2B,INV-22B262AD,Premium,2023-08-27,2023-09-26,30,3,1476.24
POL-1958DB2B,INV-7C46E3FF,Premium,2023-09-26,2023-10-26,90,4,1476.24
POL-1958DB2B,INV-29A2B1E4,Adjustment,2023-10-26,2023-11-25,60,5,1476.24
POL-1958DB2B,INV-AEE45B63,Adjustment,2023-11-25,2023-12-25,90,6,1476.24
POL-1958DB2B,INV-8225E6BF,Premium,2023-12-25,2024-01-24,60,7,1476.24
POL-1958DB2B,INV-0C887AF9,Premium,2024-01-24,2024-02-23,60,8,1476.24
POL-1958DB2B,INV-E06C1510,Premium,2024-02-23,2024-03-24,90,9,1476.24
POL-1958DB2B,INV-8F2F424B,Premium,2024-03-24,2024-04-23,90,10,1476.24
POL-1958DB2B,INV-D64645D8,Premium,2024-04-23,2024-05-23,30,11,1476.24
POL-1958DB2B,INV-0FCA5795,Premium,2024-05-23,2024-06-22,90,12,1476.24
POL-1958DB2B,INV-F4144969,Premium,2024-06-22,2024-06-27,60,13,1476.24
POL-BC9472A3,INV-5B006872,Premium,2024-07-25,2024-08-24,90,1,1067.45
POL-BC9472A3,INV-B91D49F1,Refund,2024-08-24,2024-09-23,90,2,1067.45
POL-BC9472A3,INV-822D0368,Premium,2024-09-23,2024-10-23,90,3,1067.45
POL-BC9472A3,INV-53D1D106,Premium,2024-10-23,2024-11-22,90,4,1067.45
POL-BC9472A3,INV-D32BC856,Adjustment,2024-11-22,2024-12-22,90,5,1067.45
POL-BC9472A3,INV-9A26153B,Premium,2024-12-22,2025-01-21,30,6,1067.45
POL-BC9472A3,INV-802047ED,Premium,2025-01-21,2025-02-20,60,7,1067.45
POL-BC9472A3,INV-F3826B44,Adjustment,2025-02-20,2025-03-22,60,8,1067.45
POL-BC9472A3,INV-2A3AE58D,Premium,2025-03-22,2025-04-21,30,9,1067.45
POL-4F49CA05,INV-744410E8,Premium,2022-01-20,2022-07-19,30,1,1054.07
POL-4F49CA05,INV-F3ADD30E,Premium,2022-07-19,2023-01-15,30,2,1054.07
POL-B0A9470E,INV-17312396,Premium,2022-05-31,2022-06-30,60,1,237.82
POL-B0A9470E,INV-CD3B6DA8,Premium,2022-06-30,2022-07-30,60,2,237.82
POL-B0A9470E,INV-13F9FE06,Premium,2022-07-30,2022-08-29,60,3,237.82
POL-B0A9470E,INV-0C91BE88,Premium,2022-08-29,2022-09-28,90,4,237.82
POL-B0A9470E,INV-536AA5E2,Premium,2022-09-28,2022-10-28,30,5,237.82
POL-B0A9470E,INV-9646254E,Premium,2022-10-28,2022-11-27,90,6,237.82
POL-B0A9470E,INV-919C2ACD,Premium,2022-11-27,2022-12-27,30,7,237.82
POL-B0A9470E,INV-F1BE17EC,Premium,2022-12-27,2023-01-26,90,8,237.82
POL-B0A9470E,INV-126C13A0,Premium,2023-01-26,2023-02-25,90,9,237.82
POL-B0A9470E,INV-D13AC2F5,Premium,2023-02-25,2023-03-27,60,10,237.82
POL-B0A9470E,INV-3417F0B9,Premium,2023-03-27,2023-04-26,90,11,237.82
POL-B0A9470E,INV-F329585E,Premium,2023-04-26,2023-05-26,60,12,237.82
POL-B0A9470E,INV-78CF70C3,Premium,2023-05-26,2023-05-31,90,13,237.82
POL-DB7F7FE1,INV-561D91D3,Premium,2022-09-29,2022-10-29,90,1,1247.0
POL-DB7F7FE1,INV-B8F8F7CC,Premium,2022-10-29,2022-11-28,30,2,1247.0
POL-DB7F7FE1,INV-878145AB,Premium,2022-11-28,2022-12-28,90,3,1247.0
POL-DB7F7FE1,INV-518FB85F,Premium,2022-12-28,2023-01-27,30,4,1247.0
POL-DB7F7FE1,INV-9AD9FCE5,Premium,2023-01-27,2023-02-26,30,5,1247.0
POL-DB7F7FE1,INV-08972619,Premium,2023-02-26,2023-03-28,60,6,1247.0
POL-DB7F7FE1,INV-D55F0F8D,Premium,2023-03-28,2023-04-27,30,7,1247.0
POL-DB7F7FE1,INV-F70F6479,Premium,2023-04-27,2023-05-27,90,8,1247.0
POL-DB7F7FE1,INV-2E08776D,Premium,2023-05-27,2023-06-26,30,9,1247.0
POL-2FDD2230,INV-5AED9255,Premium,2024-01-27,2024-04-26,90,1,733.96
POL-2FDD2230,INV-59FB195C,Premium,2024-04-26,2024-07-25,90,2,733.96
POL-2FDD2230,INV-63BCF815,Premium,2024-07-25,2024-10-23,30,3,733.96
POL-0068CCEA,INV-0CC68864,Premium,2025-06-06,2025-12-03,60,1,762.96
POL-0068CCEA,INV-8D7A137C,Premium,2025-12-03,2026-06-01,30,2,762.96
POL-0068CCEA,INV-EBF324A4,Adjustment,2026-06-01,2026-06-06,90,3,762.96
POL-58E85690,INV-92BF7124,Premium,2024-12-19,2025-06-17,90,1,818.37
POL-58E85690,INV-0428D9C1,Premium,2025-06-17,2025-12-14,30,2,818.37
POL-58E85690,INV-85DBEDC4,Premium,2025-12-14,2025-12-19,60,3,818.37
POL-9470573C,INV-21C7978D,Adjustment,2025-09-20,2025-10-20,60,1,375.62
POL-9470573C,INV-CA9F8056,Premium,2025-10-20,2025-11-19,60,2,375.62
POL-9470573C,INV-FA63F2EE,Premium,2025-11-19,2025-12-19,30,3,375.62
POL-9470573C,INV-79673008,Premium,2025-12-19,2026-01-18,90,4,375.62
POL-9470573C,INV-3A3AD388,Premium,2026-01-18,2026-02-17,30,5,375.62
POL-9470573C,INV-79DE7A03,Premium,2026-02-17,2026-03-19,60,6,375.62
POL-9470573C,INV-6DD70A17,Premium,2026-03-19,2026-04-18,30,7,375.62
POL-9470573C,INV-F2F722D6,Premium,2026-04-18,2026-05-18,30,8,375.62
POL-9470573C,INV-6AF7C6D7,Premium,2026-05-18,2026-06-17,90,9,375.62
POL-9470573C,INV-817020AD,Premium,2026-06-17,2026-07-17,90,10,375.62
POL-9470573C,INV-AD119B21,Premium,2026-07-17,2026-08-16,60,11,375.62
POL-9470573C,INV-D986D96F,Premium,2026-08-16,2026-09-15,90,12,375.62
POL-9470573C,INV-943E0083,Premium,2026-09-15,2026-09-20,30,13,375.62
POL-1838A89C,INV-CC853BEE,Premium,2023-06-26,2023-07-26,30,1,256.82
POL-1838A89C,INV-C2930285,Premium,2023-07-26,2023-08-25,90,2,256.82
POL-1838A89C,INV-8DFE28BB,Premium,2023-08-25,2023-09-24,90,3,256.82
POL-1838A89C,INV-8FF1C1F5,Premium,2023-09-24,2023-10-24,90,4,256.82
POL-1838A89C,INV-FF132663,Premium,2023-10-24,2023-11-23,60,5,256.82
POL-1838A89C,INV-58D7F463,Premium,2023-11-23,2023-12-23,90,6,256.82
POL-1838A89C,INV-4C9B43C2,Premium,2023-12-23,2024-01-22,90,7,256.82
POL-1838A89C,INV-407CACF0,Premium,2024-01-22,2024-02-21,90,8,256.82
POL-1838A89C,INV-B748FA9F,Premium,2024-02-21,2024-03-22,60,9,256.82
POL-1838A89C,INV-B83FAD0C,Premium,2024-03-22,2024-04-21,60,10,256.82
POL-1838A89C,INV-2274F79C,Premium,2024-04-21,2024-05-21,60,11,256.82
POL-1838A89C,INV-AB226665,Premium,2024-05-21,2024-06-20,60,12,256.82
POL-1838A89C,INV-6019F964,Premium,2024-06-20,2024-06-25,60,13,256.82
POL-640574D5,INV-27FD365C,Premium,2023-07-12,2024-01-08,60,1,874.2
POL-640574D5,INV-59C98A1E,Premium,2024-01-08,2024-07-06,30,2,874.2
POL-640574D5,INV-A592FB55,Premium,2024-07-06,2024-07-11,30,3,874.2
POL-C9C42BE1,INV-6EA70ADF,Premium,2026-01-09,2026-02-08,60,1,1137.81
POL-C9C42BE1,INV-33770160,Premium,2026-02-08,2026-03-10,90,2,1137.81
POL-C9C42BE1,INV-A8D5B20B,Adjustment,2026-03-10,2026-04-09,60,3,1137.81
POL-C9C42BE1,INV-AB521500,Adjustment,2026-04-09,2026-05-09,90,4,1137.81
POL-C9C42BE1,INV-529627ED,Premium,2026-05-09,2026-06-08,60,5,1137.81
POL-C9C42BE1,INV-8C0789E0,Premium,2026-06-08,2026-07-08,90,6,1137.81
POL-C9C42BE1,INV-FCC3DAE9,Premium,2026-07-08,2026-08-07,30,7,1137.81
POL-C9C42BE1,INV-4E8274A8,Premium,2026-08-07,2026-09-06,60,8,1137.81
POL-C9C42BE1,INV-1883B2CE,Refund,2026-09-06,2026-10-06,30,9,1137.81
POL-C1F825B9,INV-88195A2C,Premium,2024-11-01,2025-01-30,30,1,947.82
POL-C1F825B9,INV-4627BF31,Premium,2025-01-30,2025-04-30,60,2,947.82
POL-C1F825B9,INV-840CD3E2,Premium,2025-04-30,2025-07-29,90,3,947.82
POL-C1F825B9,INV-DD91944B,Premium,2025-07-29,2025-10-27,60,4,947.82
POL-C1F825B9,INV-3A8AA84E,Adjustment,2025-10-27,2025-11-01,60,5,947.82
POL-64C1436A,INV-701C78E9,Premium,2022-04-15,2022-10-12,90,1,783.08
POL-64C1436A,INV-4138FA22,Premium,2022-10-12,2023-04-10,90,2,783.08
POL-64C1436A,INV-BD1E59CA,Premium,2023-04-10,2023-04-15,30,3,783.08
POL-FDA2761A,INV-A21917DC,Premium,2023-07-21,2023-08-20,60,1,647.07
POL-FDA2761A,INV-F8D283FC,Premium,2023-08-20,2023-09-19,90,2,647.07
POL-FDA2761A,INV-8BD497BE,Adjustment,2023-09-19,2023-10-19,90,3,647.07
POL-FDA2761A,INV-F270F78C,Adjustment,2023-10-19,2023-11-18,60,4,647.07
POL-FDA2761A,INV-152FBEBE,Premium,2023-11-18,2023-12-18,90,5,647.07
POL-FDA2761A,INV-6D672EF3,Premium,2023-12-18,2024-01-17,60,6,647.07
POL-FDA2761A,INV-6C4DA512,Premium,2024-01-17,2024-02-16,90,7,647.07
POL-FDA2761A,INV-AD882BDA,Premium,2024-02-16,2024-03-17,60,8,647.07
POL-FDA2761A,INV-43F126A0,Premium,2024-03-17,2024-04-16,90,9,647.07
POL-FDA2761A,INV-25167A9D,Adjustment,2024-04-16,2024-05-16,60,10,647.07
POL-FDA2761A,INV-A1DFC883,Premium,2024-05-16,2024-06-15,90,11,647.07
POL-FDA2761A,INV-828E1A59,Premium,2024-06-15,2024-07-15,30,12,647.07
POL-FDA2761A,INV-41D45D04,Premium,2024-07-15,2024-07-20,90,13,647.07
POL-45A0603A,INV-5810FF85,Adjustment,2023-11-15,2023-12-15,30,1,1795.12
POL-45A0603A,INV-E7D08DC0,Premium,2023-12-15,2024-01-14,60,2,1795.12
POL-45A0603A,INV-B06AFF7E,Premium,2024-01-14,2024-02-13,30,3,1795.12
POL-45A0603A,INV-60911167,Premium,2024-02-13,2024-03-14,30,4,1795.12
POL-45A0603A,INV-924C3BD4,Adjustment,2024-03-14,2024-04-13,60,5,1795.12
POL-45A0603A,INV-2D83DC20,Adjustment,2024-04-13,2024-05-13,60,6,1795.12
POL-45A0603A,INV-A7D7FD42,Premium,2024-05-13,2024-06-12,30,7,1795.12
POL-45A0603A,INV-6531E1F2,Premium,2024-06-12,2024-07-12,60,8,1795.12
POL-45A0603A,INV-FFB9DC97,Premium,2024-07-12,2024-08-11,30,9,1795.12
POL-45A0603A,INV-89F44328,Premium,2024-08-11,2024-09-10,90,10,1795.12
POL-45A0603A,INV-55FF2B50,Premium,2024-09-10,2024-10-10,90,11,1795.12
POL-45A0603A,INV-6D012002,Premium,2024-10-10,2024-11-09,60,12,1795.12
POL-45A0603A,INV-8A0DFB17,Adjustment,2024-11-09,2024-11-14,90,13,1795.12
POL-FDB56D99,INV-7530B1A9,Premium,2022-11-27,2023-02-25,30,1,305.4
POL-FDB56D99,INV-1E7FB241,Premium,2023-02-25,2023-05-26,90,2,305.4
POL-FDB56D99,INV-A5C88F50,Premium,2023-05-26,2023-08-24,30,3,305.4
POL-FDB56D99,INV-418F51EE,Premium,2023-08-24,2023-11-22,30,4,305.4
POL-FDB56D99,INV-82DE2B7E,Premium,2023-11-22,2023-11-27,90,5,305.4
POL-0A53C138,INV-1EEEB02C,Adjustment,2025-02-03,2025-05-04,90,1,1317.69
POL-0A53C138,INV-D594E853,Premium,2025-05-04,2025-08-02,90,2,1317.69
POL-0A53C138,INV-C437CDA1,Premium,2025-08-02,2025-10-31,30,3,1317.69
POL-0A53C138,INV-42A635FE,Premium,2025-10-31,2026-01-29,60,4,1317.69
POL-0A53C138,INV-D0D372B7,Adjustment,2026-01-29,2026-02-03,60,5,1317.69
POL-70EA7FB4,INV-521110FD,Premium,2022-08-18,2023-02-14,90,1,1634.84
POL-70EA7FB4,INV-9BA7B3A6,Adjustment,2023-02-14,2023-08-13,60,2,1634.84
POL-70EA7FB4,INV-006A1A93,Premium,2023-08-13,2023-08-18,60,3,1634.84
POL-BF1D5D3C,INV-45CDFDA0,Premium,2025-01-22,2025-04-22,60,1,1418.37
POL-BF1D5D3C,INV-93A7F77D,Adjustment,2025-04-22,2025-07-21,30,2,1418.37
POL-BF1D5D3C,INV-5A9F198D,Premium,2025-07-21,2025-10-19,30,3,1418.37
POL-BF1D5D3C,INV-7D80C315,Adjustment,2025-10-19,2026-01-17,30,4,1418.37
POL-BF1D5D3C,INV-FE13B6A8,Premium,2026-01-17,2026-01-22,60,5,1418.37
POL-623452AE,INV-62A04923,Premium,2024-05-30,2024-06-29,90,1,1033.81
POL-623452AE,INV-7A84BD9F,Adjustment,2024-06-29,2024-07-29,60,2,1033.81
POL-623452AE,INV-CB6B5B5E,Premium,2024-07-29,2024-08-28,30,3,1033.81
POL-623452AE,INV-5AE80FC8,Premium,2024-08-28,2024-09-27,90,4,1033.81
POL-623452AE,INV-8760A767,Premium,2024-09-27,2024-10-27,60,5,1033.81
POL-623452AE,INV-83D8584D,Premium,2024-10-27,2024-11-26,30,6,1033.81
POL-623452AE,INV-254C8342,Premium,2024-11-26,2024-12-26,60,7,1033.81
POL-623452AE,INV-13D00E05,Adjustment,2024-12-26,2025-01-25,60,8,1033.81
POL-623452AE,INV-3B3995BB,Premium,2025-01-25,2025-02-24,90,9,1033.81
POL-623452AE,INV-2E4E0AB9,Premium,2025-02-24,2025-03-26,60,10,1033.81
POL-623452AE,INV-2FF39549,Refund,2025-03-26,2025-04-25,60,11,1033.81
POL-623452AE,INV-C79DB56C,Premium,2025-04-25,2025-05-25,60,12,1033.81
POL-623452AE,INV-37DE579C,Adjustment,2025-05-25,2025-05-30,90,13,1033.81
POL-F86DB306,INV-615CF023,Premium,2024-01-17,2024-02-16,30,1,1197.93
POL-F86DB306,INV-5179C2DC,Premium,2024-02-16,2024-03-17,60,2,1197.93
POL-F86DB306,INV-695ABF13,Premium,2024-03-17,2024-04-16,30,3,1197.93
POL-F86DB306,INV-E13337B3,Premium,2024-04-16,2024-05-16,60,4,1197.93
POL-F86DB306,INV-22E3F6B2,Premium,2024-05-16,2024-06-15,30,5,1197.93
POL-F86DB306,INV-DBE35AF1,Adjustment,2024-06-15,2024-07-15,30,6,1197.93
POL-F86DB306,INV-98E576EF,Premium,2024-07-15,2024-08-14,30,7,1197.93
POL-F86DB306,INV-4AE0CCA8,Premium,2024-08-14,2024-09-13,90,8,1197.93
POL-F86DB306,INV-0057A273,Premium,2024-09-13,2024-10-13,60,9,1197.93
POL-F86DB306,INV-318555EE,Premium,2024-10-13,2024-11-12,60,10,1197.93
POL-F86DB306,INV-54CD1714,Premium,2024-11-12,2024-12-12,30,11,1197.93
POL-F86DB306,INV-65FAFCB5,Premium,2024-12-12,2025-01-11,60,12,1197.93
POL-F86DB306,INV-D23E11FC,Premium,2025-01-11,2025-01-16,90,13,1197.93
POL-9DABBAED,INV-4E51D2E4,Premium,2024-01-03,2024-07-01,60,1,866.24
POL-9DABBAED,INV-D2E62886,Premium,2024-07-01,2024-12-28,30,2,866.24
POL-9DABBAED,INV-EEDEACFB,Premium,2024-12-28,2025-01-02,90,3,866.24
POL-D34A80B3,INV-46C9F95F,Premium,2025-09-27,2025-12-26,60,1,496.13
POL-D34A80B3,INV-249964C5,Premium,2025-12-26,2026-03-26,60,2,496.13
POL-D34A80B3,INV-FF4A6A6F,Premium,2026-03-26,2026-06-24,60,3,496.13
POL-D34A80B3,INV-17E50A96,Premium,2026-06-24,2026-09-22,90,4,496.13
POL-76A01E19,INV-15C5B6BE,Refund,2025-06-25,2025-07-25,30,1,227.26
POL-76A01E19,INV-95201D55,Adjustment,2025-07-25,2025-08-24,90,2,227.26
POL-76A01E19,INV-4DFBE5AF,Premium,2025-08-24,2025-09-23,90,3,227.26
POL-76A01E19,INV-849975D7,Premium,2025-09-23,2025-10-23,60,4,227.26
POL-76A01E19,INV-1774FD61,Adjustment,2025-10-23,2025-11-22,30,5,227.26
POL-76A01E19,INV-61C1AE92,Premium,2025-11-22,2025-12-22,60,6,227.26
POL-76A01E19,INV-76B38BC2,Premium,2025-12-22,2026-01-21,30,7,227.26
POL-76A01E19,INV-BE530635,Premium,2026-01-21,2026-02-20,30,8,227.26
POL-76A01E19,INV-25A6D5B4,Premium,2026-02-20,2026-03-22,90,9,227.26
POL-76A01E19,INV-ABA8277A,Premium,2026-03-22,2026-04-21,30,10,227.26
POL-76A01E19,INV-E0200E69,Premium,2026-04-21,2026-05-21,90,11,227.26
POL-76A01E19,INV-16E1D8B0,Premium,2026-05-21,2026-06-20,30,12,227.26
POL-76A01E19,INV-E240630A,Premium,2026-06-20,2026-06-25,90,13,227.26
POL-E316196B,INV-F3CCCEEB,Premium,2023-04-30,2023-05-30,90,1,662.3
POL-E316196B,INV-370BFA7D,Premium,2023-05-30,2023-06-29,90,2,662.3
POL-E316196B,INV-7C2D48D3,Premium,2023-06-29,2023-07-29,30,3,662.3
POL-E316196B,INV-89E41CB6,Premium,2023-07-29,2023-08-28,30,4,662.3
POL-E316196B,INV-5A66435A,Premium,2023-08-28,2023-09-27,60,5,662.3
POL-E316196B,INV-CA0A6F09,Premium,2023-09-27,2023-10-27,30,6,662.3
POL-E316196B,INV-B71D8E81,Premium,2023-10-27,2023-11-26,30,7,662.3
POL-E316196B,INV-C65E5970,Adjustment,2023-11-26,2023-12-26,60,8,662.3
POL-E316196B,INV-2082AEC1,Adjustment,2023-12-26,2024-01-25,90,9,662.3
POL-E316196B,INV-06E25047,Premium,2024-01-25,2024-02-24,90,10,662.3
POL-E316196B,INV-254DF325,Premium,2024-02-24,2024-03-25,30,11,662.3
POL-E316196B,INV-0DBC1FE4,Premium,2024-03-25,2024-04-24,30,12,662.3
POL-E316196B,INV-DF688E19,Premium,2024-04-24,2024-04-29,30,13,662.3
POL-35706C0F,INV-DA2273AD,Premium,2024-04-24,2024-05-24,30,1,1569.17
POL-35706C0F,INV-BAD64C03,Premium,2024-05-24,2024-06-23,60,2,1569.17
POL-35706C0F,INV-9FE0AE0A,Adjustment,2024-06-23,2024-07-23,90,3,1569.17
POL-35706C0F,INV-94DC4329,Premium,2024-07-23,2024-08-22,60,4,1569.17
POL-35706C0F,INV-A4C5128A,Premium,2024-08-22,2024-09-21,30,5,1569.17
POL-35706C0F,INV-FDF352A7,Premium,2024-09-21,2024-10-21,60,6,1569.17
POL-35706C0F,INV-DD729A12,Premium,2024-10-21,2024-11-20,90,7,1569.17
POL-35706C0F,INV-4C223785,Premium,2024-11-20,2024-12-20,30,8,1569.17
POL-35706C0F,INV-096FDA90,Premium,2024-12-20,2025-01-19,30,9,1569.17
POL-35706C0F,INV-08A0A16E,Premium,2025-01-19,2025-02-18,30,10,1569.17
POL-35706C0F,INV-8ACE7BB2,Premium,2025-02-18,2025-03-20,60,11,1569.17
POL-35706C0F,INV-FC962885,Premium,2025-03-20,2025-04-19,60,12,1569.17
POL-35706C0F,INV-3CC6ECE8,Premium,2025-04-19,2025-04-24,60,13,1569.17
POL-7731331E,INV-3723910D,Premium,2024-04-23,2024-05-23,30,1,846.98
POL-7731331E,INV-4606E103,Premium,2024-05-23,2024-06-22,60,2,846.98
POL-7731331E,INV-E971C21C,Premium,2024-06-22,2024-07-22,90,3,846.98
POL-7731331E,INV-A4A983DD,Adjustment,2024-07-22,2024-08-21,60,4,846.98
POL-7731331E,INV-EEF1FCD7,Premium,2024-08-21,2024-09-20,60,5,846.98
POL-7731331E,INV-D0FECB15,Premium,2024-09-20,2024-10-20,30,6,846.98
POL-7731331E,INV-B76318D5,Premium,2024-10-20,2024-11-19,90,7,846.98
POL-7731331E,INV-6F335F8F,Premium,2024-11-19,2024-12-19,90,8,846.98
POL-3C460885,INV-1D9ED561,Premium,2025-12-07,2026-01-06,30,1,1457.89
POL-3C460885,INV-6FF2E8CA,Premium,2026-01-06,2026-02-05,90,2,1457.89
POL-3C460885,INV-ADE84B4D,Premium,2026-02-05,2026-03-07,60,3,1457.89
POL-3C460885,INV-D2DFD741,Premium,2026-03-07,2026-04-06,30,4,1457.89
POL-DEFB0A3B,INV-862D0AD5,Premium,2023-04-01,2023-06-30,60,1,485.91
POL-DEFB0A3B,INV-2104D564,Premium,2023-06-30,2023-09-28,90,2,485.91
POL-DEFB0A3B,INV-0938B466,Premium,2023-09-28,2023-12-27,30,3,485.91
POL-DEFB0A3B,INV-6F82E001,Premium,2023-12-27,2024-03-26,60,4,485.91
POL-DEFB0A3B,INV-81197D7D,Premium,2024-03-26,2024-03-31,30,5,485.91
POL-F028637A,INV-6271C06E,Premium,2023-12-18,2024-01-17,60,1,1067.15
POL-F028637A,INV-3B0A3D69,Premium,2024-01-17,2024-02-16,60,2,1067.15
POL-F028637A,INV-BE1A503F,Premium,2024-02-16,2024-03-17,30,3,1067.15
POL-F028637A,INV-AA35E75E,Premium,2024-03-17,2024-04-16,30,4,1067.15
POL-F028637A,INV-AA7A8ED9,Premium,2024-04-16,2024-05-16,60,5,1067.15
POL-F028637A,INV-D7F5BE4C,Adjustment,2024-05-16,2024-06-15,30,6,1067.15
POL-F028637A,INV-240E9A4D,Premium,2024-06-15,2024-07-15,60,7,1067.15
POL-F028637A,INV-7802BDF5,Premium,2024-07-15,2024-08-14,30,8,1067.15
POL-F028637A,INV-A9302A27,Refund,2024-08-14,2024-09-13,60,9,1067.15
POL-F028637A,INV-9B7460A4,Premium,2024-09-13,2024-10-13,60,10,1067.15
POL-F028637A,INV-C4241D73,Premium,2024-10-13,2024-11-12,30,11,1067.15
POL-F028637A,INV-CF2F32B6,Adjustment,2024-11-12,2024-12-12,60,12,1067.15
POL-F028637A,INV-05878CBD,Premium,2024-12-12,2024-12-17,90,13,1067.15
POL-3EE699CF,INV-91E52E18,Premium,2022-02-18,2022-03-20,90,1,845.59
POL-3EE699CF,INV-8F255927,Adjustment,2022-03-20,2022-04-19,60,2,845.59
POL-3EE699CF,INV-5D8BBE7D,Premium,2022-04-19,2022-05-19,90,3,845.59
POL-3EE699CF,INV-A1254AAD,Premium,2022-05-19,2022-06-18,90,4,845.59
POL-3EE699CF,INV-1C831C7D,Premium,2022-06-18,2022-07-18,60,5,845.59
POL-3EE699CF,INV-7B2FEF12,Adjustment,2022-07-18,2022-08-17,90,6,845.59
POL-3EE699CF,INV-4F5A5102,Premium,2022-08-17,2022-09-16,90,7,845.59
POL-3EE699CF,INV-BBF63CAD,Premium,2022-09-16,2022-10-16,60,8,845.59
POL-3EE699CF,INV-12D5E927,Premium,2022-10-16,2022-11-15,30,9,845.59
POL-3EE699CF,INV-773BA4F8,Refund,2022-11-15,2022-12-15,30,10,845.59
POL-3EE699CF,INV-A795A89F,Premium,2022-12-15,2023-01-14,60,11,845.59
POL-3EE699CF,INV-68220A38,Premium,2023-01-14,2023-02-13,90,12,845.59
POL-3EE699CF,INV-910EEDF6,Premium,2023-02-13,2023-02-18,60,13,845.59
POL-61CBB264,INV-91CFCC9A,Premium,2023-11-04,2023-12-04,90,1,1462.3
POL-61CBB264,INV-48AF71D2,Adjustment,2023-12-04,2024-01-03,30,2,1462.3
POL-61CBB264,INV-980BD738,Premium,2024-01-03,2024-02-02,90,3,1462.3
POL-61CBB264,INV-93961FD7,Premium,2024-02-02,2024-03-03,90,4,1462.3
POL-61CBB264,INV-DDD25AB0,Premium,2024-03-03,2024-04-02,60,5,1462.3
POL-61CBB264,INV-4683D32D,Premium,2024-04-02,2024-05-02,30,6,1462.3
POL-61CBB264,INV-4C0885BD,Premium,2024-05-02,2024-06-01,60,7,1462.3
POL-61CBB264,INV-A9ACCE4A,Premium,2024-06-01,2024-07-01,60,8,1462.3
POL-61CBB264,INV-F9540660,Premium,2024-07-01,2024-07-31,90,9,1462.3
POL-61CBB264,INV-89411D19,Premium,2024-07-31,2024-08-30,90,10,1462.3
POL-61CBB264,INV-247E3E1A,Premium,2024-08-30,2024-09-29,30,11,1462.3
POL-61CBB264,INV-E3EDFE3E,Premium,2024-09-29,2024-10-29,30,12,1462.3
POL-61CBB264,INV-0A04F36D,Premium,2024-10-29,2024-11-03,30,13,1462.3
POL-75B3B339,INV-916760EA,Premium,2023-07-26,2024-01-22,60,1,1509.99
POL-75B3B339,INV-470AA602,Premium,2024-01-22,2024-07-20,60,2,1509.99
POL-75B3B339,INV-E831AEF3,Adjustment,2024-07-20,2024-07-25,30,3,1509.99
POL-34620F14,INV-0D73D3BC,Adjustment,2025-10-23,2026-04-21,60,1,675.16
POL-34620F14,INV-5347A147,Premium,2026-04-21,2026-10-18,60,2,675.16
POL-FB8C98F5,INV-DA64B415,Adjustment,2023-11-10,2023-12-10,60,1,417.64
POL-FB8C98F5,INV-D36A5E8D,Premium,2023-12-10,2024-01-09,60,2,417.64
POL-FB8C98F5,INV-C9205490,Premium,2024-01-09,2024-02-08,30,3,417.64
POL-FB8C98F5,INV-74A4CBCB,Premium,2024-02-08,2024-03-09,30,4,417.64
POL-FB8C98F5,INV-70D1B8FA,Premium,2024-03-09,2024-04-08,90,5,417.64
POL-FB8C98F5,INV-D0288997,Premium,2024-04-08,2024-05-08,90,6,417.64
POL-FB8C98F5,INV-8FE58AA7,Premium,2024-05-08,2024-06-07,90,7,417.64
POL-FB8C98F5,INV-44B31D01,Premium,2024-06-07,2024-07-07,90,8,417.64
POL-FB8C98F5,INV-3CA405FC,Premium,2024-07-07,2024-08-06,30,9,417.64
POL-FB8C98F5,INV-5111006B,Premium,2024-08-06,2024-09-05,90,10,417.64
POL-FB8C98F5,INV-A217A4A9,Premium,2024-09-05,2024-10-05,60,11,417.64
POL-FB8C98F5,INV-CE2B379D,Premium,2024-10-05,2024-11-04,90,12,417.64
POL-FB8C98F5,INV-20CBC11D,Premium,2024-11-04,2024-11-09,90,13,417.64
POL-F482205D,INV-867687AA,Adjustment,2023-01-01,2023-04-01,90,1,132.09
POL-F482205D,INV-7D25425B,Premium,2023-04-01,2023-06-30,60,2,132.09
POL-F482205D,INV-87E97BAD,Premium,2023-06-30,2023-09-28,90,3,132.09
POL-F482205D,INV-99F795E7,Premium,2023-09-28,2023-12-27,60,4,132.09
POL-F482205D,INV-AF57E446,Premium,2023-12-27,2024-01-01,30,5,132.09
POL-FCF23E9E,INV-79E7FC8C,Premium,2022-03-20,2022-09-16,60,1,351.9
POL-FCF23E9E,INV-1A4D7DEC,Premium,2022-09-16,2023-03-15,90,2,351.9
POL-FCF23E9E,INV-9F48A4F3,Premium,2023-03-15,2023-03-20,90,3,351.9
POL-8B2484C6,INV-C604D366,Refund,2023-12-09,2024-03-08,60,1,629.22
POL-8B2484C6,INV-724A8172,Refund,2024-03-08,2024-06-06,30,2,629.22
POL-8B2484C6,INV-EA19B1C6,Premium,2024-06-06,2024-09-04,90,3,629.22
POL-8B2484C6,INV-A1465AE4,Premium,2024-09-04,2024-12-03,60,4,629.22
POL-8B2484C6,INV-3E565CDA,Premium,2024-12-03,2024-12-08,30,5,629.22
POL-AAFA923B,INV-9967E8A8,Premium,2024-06-12,2024-12-09,30,1,540.05
POL-AAFA923B,INV-70A9A643,Premium,2024-12-09,2025-06-07,60,2,540.05
POL-AAFA923B,INV-525B70F2,Adjustment,2025-06-07,2025-06-12,60,3,540.05
POL-205F5FDD,INV-9DB4987F,Adjustment,2024-02-28,2024-03-29,30,1,507.02
POL-205F5FDD,INV-A97EEDDE,Premium,2024-03-29,2024-04-28,90,2,507.02
POL-205F5FDD,INV-719BAA4D,Premium,2024-04-28,2024-05-28,30,3,507.02
POL-205F5FDD,INV-36FF3DF0,Premium,2024-05-28,2024-06-27,60,4,507.02
POL-205F5FDD,INV-46C18331,Refund,2024-06-27,2024-07-27,60,5,507.02
POL-205F5FDD,INV-9413CCE0,Premium,2024-07-27,2024-08-26,60,6,507.02
POL-205F5FDD,INV-CCD74023,Premium,2024-08-26,2024-09-25,30,7,507.02
POL-B6693DE6,INV-1D26C644,Premium,2022-01-04,2022-07-03,30,1,1705.8
POL-B6693DE6,INV-378A07B4,Premium,2022-07-03,2022-12-30,60,2,1705.8
POL-B6693DE6,INV-28D8AA64,Premium,2022-12-30,2023-01-04,60,3,1705.8
POL-293CDFB8,INV-29B15707,Adjustment,2025-11-07,2026-05-06,90,1,931.22
POL-293CDFB8,INV-7913DF41,Premium,2026-05-06,2026-11-02,60,2,931.22
POL-B97B367E,INV-7872009A,Premium,2024-01-16,2024-02-15,60,1,1003.11
POL-B97B367E,INV-0AE6CD96,Premium,2024-02-15,2024-03-16,60,2,1003.11
POL-B97B367E,INV-83100C7C,Premium,2024-03-16,2024-04-15,60,3,1003.11
POL-B97B367E,INV-86E59AD8,Premium,2024-04-15,2024-05-15,60,4,1003.11
POL-B97B367E,INV-3F57E6F5,Premium,2024-05-15,2024-06-14,90,5,1003.11
POL-B97B367E,INV-1F02E880,Premium,2024-06-14,2024-07-14,90,6,1003.11
POL-B97B367E,INV-D6660189,Premium,2024-07-14,2024-08-13,60,7,1003.11
POL-B97B367E,INV-20E0FD1E,Premium,2024-08-13,2024-09-12,90,8,1003.11
POL-B97B367E,INV-3C11ECFE,Premium,2024-09-12,2024-10-12,90,9,1003.11
POL-B97B367E,INV-1010D08D,Premium,2024-10-12,2024-11-11,30,10,1003.11
POL-B97B367E,INV-72B8613C,Premium,2024-11-11,2024-12-11,30,11,1003.11
POL-B97B367E,INV-41E79789,Premium,2024-12-11,2025-01-10,60,12,1003.11
POL-B97B367E,INV-961C193D,Premium,2025-01-10,2025-01-15,60,13,1003.11
POL-43BFD43A,INV-E539EFC3,Premium,2025-06-30,2025-12-27,90,1,1378.54
POL-43BFD43A,INV-3EAE33DD,Premium,2025-12-27,2026-06-25,30,2,1378.54
POL-43BFD43A,INV-4F249961,Premium,2026-06-25,2026-06-30,30,3,1378.54
POL-43D07F2D,INV-7A01A8D3,Premium,2022-09-13,2022-12-12,90,1,1307.38
POL-43D07F2D,INV-69D87056,Premium,2022-12-12,2023-03-12,90,2,1307.38
POL-43D07F2D,INV-2F1B7D3F,Adjustment,2023-03-12,2023-06-10,30,3,1307.38
POL-43D07F2D,INV-F9227054,Premium,2023-06-10,2023-09-08,90,4,1307.38
POL-43D07F2D,INV-A74A3911,Premium,2023-09-08,2023-09-13,60,5,1307.38
POL-C151658B,INV-A72F2334,Premium,2025-09-27,2025-12-26,60,1,1783.86
POL-C151658B,INV-3B623B1B,Premium,2025-12-26,2026-03-26,90,2,1783.86
POL-C151658B,INV-BCEFD6C1,Premium,2026-03-26,2026-06-24,90,3,1783.86
POL-C151658B,INV-13D180DF,Premium,2026-06-24,2026-09-22,90,4,1783.86
POL-4E958D77,INV-B1EC663B,Premium,2025-11-28,2025-12-28,60,1,595.64
POL-4E958D77,INV-047D8535,Premium,2025-12-28,2026-01-27,30,2,595.64
POL-4E958D77,INV-F39FA873,Refund,2026-01-27,2026-02-26,90,3,595.64
POL-4E958D77,INV-ACE57271,Premium,2026-02-26,2026-03-28,90,4,595.64
POL-4E958D77,INV-C4354AB1,Adjustment,2026-03-28,2026-04-27,90,5,595.64
POL-4E958D77,INV-BF638727,Premium,2026-04-27,2026-05-27,60,6,595.64
POL-7D94D30B,INV-B63D28C9,Premium,2024-05-11,2024-11-07,90,1,536.71
POL-7D94D30B,INV-A93EE98B,Premium,2024-11-07,2025-05-06,90,2,536.71
POL-3E6A15C1,INV-C82788BC,Premium,2025-06-14,2025-09-12,90,1,168.33
POL-3E6A15C1,INV-52A48F33,Premium,2025-09-12,2025-12-11,90,2,168.33
POL-3E6A15C1,INV-36BA0188,Premium,2025-12-11,2026-03-11,60,3,168.33
POL-3E6A15C1,INV-FE3599B0,Premium,2026-03-11,2026-06-09,90,4,168.33
POL-3E6A15C1,INV-FBC047C6,Premium,2026-06-09,2026-06-14,90,5,168.33
POL-B6E22C4B,INV-F631DE38,Premium,2025-01-27,2025-02-26,30,1,1710.91
POL-B6E22C4B,INV-E81DF4C2,Premium,2025-02-26,2025-03-28,60,2,1710.91
POL-B6E22C4B,INV-F5909BFA,Premium,2025-03-28,2025-04-27,90,3,1710.91
POL-B6E22C4B,INV-6BA8EEB4,Premium,2025-04-27,2025-05-27,90,4,1710.91
POL-B6E22C4B,INV-38492BA8,Premium,2025-05-27,2025-06-26,60,5,1710.91
POL-B6E22C4B,INV-426C7AFD,Adjustment,2025-06-26,2025-07-26,90,6,1710.91
POL-B6E22C4B,INV-B18A6F21,Premium,2025-07-26,2025-08-25,90,7,1710.91
POL-B6E22C4B,INV-0774A27F,Premium,2025-08-25,2025-09-24,30,8,1710.91
POL-B6E22C4B,INV-72E8BF3A,Premium,2025-09-24,2025-10-24,90,9,1710.91
POL-B6E22C4B,INV-AF119693,Premium,2025-10-24,2025-11-23,60,10,1710.91
POL-B6E22C4B,INV-6BEF3700,Premium,2025-11-23,2025-12-23,30,11,1710.91
POL-B6E22C4B,INV-6815F2DA,Premium,2025-12-23,2026-01-22,90,12,1710.91
POL-B6E22C4B,INV-765B0B8B,Premium,2026-01-22,2026-01-27,60,13,1710.91
POL-BD2BC394,INV-760DE38F,Adjustment,2023-09-15,2023-10-15,90,1,1242.49
POL-BD2BC394,INV-905CDE25,Premium,2023-10-15,2023-11-14,90,2,1242.49
POL-BD2BC394,INV-9A702F14,Premium,2023-11-14,2023-12-14,60,3,1242.49
POL-BD2BC394,INV-6FFAC1EA,Premium,2023-12-14,2024-01-13,30,4,1242.49
POL-BD2BC394,INV-F463A5D3,Premium,2024-01-13,2024-02-12,60,5,1242.49
POL-BD2BC394,INV-8850DB6A,Premium,2024-02-12,2024-03-13,60,6,1242.49
POL-BD2BC394,INV-D06387F1,Premium,2024-03-13,2024-04-12,90,7,1242.49
POL-BD2BC394,INV-185D3A86,Premium,2024-04-12,2024-05-12,90,8,1242.49
POL-BD2BC394,INV-3F34C523,Premium,2024-05-12,2024-06-11,60,9,1242.49
POL-BD2BC394,INV-CBBCB805,Premium,2024-06-11,2024-07-11,90,10,1242.49
POL-BD2BC394,INV-E5FB811F,Premium,2024-07-11,2024-08-10,30,11,1242.49
POL-BD2BC394,INV-202F6CCC,Premium,2024-08-10,2024-09-09,90,12,1242.49
POL-BD2BC394,INV-3956353B,Premium,2024-09-09,2024-09-14,60,13,1242.49
POL-CE6D2504,INV-060A632E,Adjustment,2025-04-02,2025-09-29,30,1,1487.61
POL-CE6D2504,INV-0391A3F7,Premium,2025-09-29,2026-03-28,60,2,1487.61
POL-CE6D2504,INV-DEFA1EEA,Adjustment,2026-03-28,2026-04-02,30,3,1487.61
POL-57068233,INV-06EEE06C,Premium,2023-10-22,2024-01-20,60,1,675.75
POL-57068233,INV-B324C6FB,Premium,2024-01-20,2024-04-19,30,2,675.75
POL-57068233,INV-43645034,Premium,2024-04-19,2024-07-18,90,3,675.75
POL-57068233,INV-5C96D462,Premium,2024-07-18,2024-10-16,90,4,675.75
POL-57068233,INV-EF3F7F4C,Premium,2024-10-16,2024-10-21,30,5,675.75
POL-70E315A9,INV-F54172C2,Premium,2025-10-15,2026-04-13,30,1,267.87
POL-70E315A9,INV-12877E05,Premium,2026-04-13,2026-10-10,90,2,267.87
POL-8AE59B8B,INV-CDBB0260,Premium,2024-08-27,2025-02-23,30,1,1636.92
POL-8AE59B8B,INV-1204731C,Premium,2025-02-23,2025-08-22,60,2,1636.92
POL-8AE59B8B,INV-564A509C,Premium,2025-08-22,2025-08-27,60,3,1636.92
POL-62C4A78A,INV-8B40657C,Premium,2025-09-11,2025-12-10,30,1,252.94
POL-62C4A78A,INV-052E584C,Adjustment,2025-12-10,2026-03-10,30,2,252.94
POL-62C4A78A,INV-918F3CF7,Premium,2026-03-10,2026-06-08,60,3,252.94
POL-62C4A78A,INV-6089398B,Premium,2026-06-08,2026-09-06,30,4,252.94
POL-62C4A78A,INV-A5AEB580,Premium,2026-09-06,2026-09-11,60,5,252.94
POL-FF69BC37,INV-F60DE367,Premium,2022-07-11,2022-10-09,30,1,632.41
POL-FF69BC37,INV-AB215E41,Premium,2022-10-09,2023-01-07,30,2,632.41
POL-FF69BC37,INV-874BFDB2,Premium,2023-01-07,2023-04-07,90,3,632.41
POL-8E887B56,INV-143964E8,Premium,2023-04-06,2023-05-06,30,1,1542.57
POL-8E887B56,INV-88E3359E,Premium,2023-05-06,2023-06-05,30,2,1542.57
POL-8E887B56,INV-812AD12F,Adjustment,2023-06-05,2023-07-05,30,3,1542.57
POL-8E887B56,INV-97FD4064,Refund,2023-07-05,2023-08-04,60,4,1542.57
POL-8E887B56,INV-AA589A58,Premium,2023-08-04,2023-09-03,30,5,1542.57
POL-8E887B56,INV-8ACED65E,Adjustment,2023-09-03,2023-10-03,60,6,1542.57
POL-8E887B56,INV-72A3D716,Adjustment,2023-10-03,2023-11-02,30,7,1542.57
POL-F18DBCD5,INV-A30BC2DC,Premium,2023-05-17,2023-06-16,60,1,593.23
POL-F18DBCD5,INV-01D09328,Premium,2023-06-16,2023-07-16,90,2,593.23
POL-F18DBCD5,INV-47542299,Premium,2023-07-16,2023-08-15,60,3,593.23
POL-F18DBCD5,INV-5B7158AF,Adjustment,2023-08-15,2023-09-14,30,4,593.23
POL-F18DBCD5,INV-EB0D9BC8,Adjustment,2023-09-14,2023-10-14,60,5,593.23
POL-F18DBCD5,INV-77CD464F,Premium,2023-10-14,2023-11-13,30,6,593.23
POL-F18DBCD5,INV-6DABA232,Premium,2023-11-13,2023-12-13,90,7,593.23
POL-F18DBCD5,INV-13A06212,Premium,2023-12-13,2024-01-12,60,8,593.23
POL-F18DBCD5,INV-70716442,Premium,2024-01-12,2024-02-11,30,9,593.23
POL-F18DBCD5,INV-D7783325,Premium,2024-02-11,2024-03-12,60,10,593.23
POL-F18DBCD5,INV-49F80B58,Premium,2024-03-12,2024-04-11,30,11,593.23
POL-F18DBCD5,INV-000E0F6A,Premium,2024-04-11,2024-05-11,90,12,593.23
POL-BBAE5B21,INV-7F90DCCD,Premium,2024-04-28,2024-10-25,90,1,1622.91
POL-BBAE5B21,INV-C4034A38,Premium,2024-10-25,2025-04-23,60,2,1622.91
POL-BBAE5B21,INV-F75CF764,Premium,2025-04-23,2025-04-28,30,3,1622.91
POL-F2A5C51F,INV-8C928B00,Premium,2023-02-03,2023-08-02,30,1,1768.5
POL-F2A5C51F,INV-0E6CA4DE,Premium,2023-08-02,2024-01-29,60,2,1768.5
POL-F2A5C51F,INV-6F3EA1EA,Premium,2024-01-29,2024-02-03,60,3,1768.5
POL-09B3CBA5,INV-C95F2896,Premium,2024-10-09,2024-11-08,90,1,1720.94
POL-09B3CBA5,INV-C6C0396D,Premium,2024-11-08,2024-12-08,60,2,1720.94
POL-09B3CBA5,INV-B03A714A,Premium,2024-12-08,2025-01-07,90,3,1720.94
POL-09B3CBA5,INV-B45A062D,Premium,2025-01-07,2025-02-06,90,4,1720.94
POL-09B3CBA5,INV-87A4EC36,Premium,2025-02-06,2025-03-08,60,5,1720.94
POL-09B3CBA5,INV-6B814ABE,Premium,2025-03-08,2025-04-07,90,6,1720.94
POL-09B3CBA5,INV-C4E96B55,Premium,2025-04-07,2025-05-07,90,7,1720.94
POL-09B3CBA5,INV-D53A6565,Premium,2025-05-07,2025-06-06,90,8,1720.94
POL-09B3CBA5,INV-A55A25AA,Premium,2025-06-06,2025-07-06,60,9,1720.94
POL-09B3CBA5,INV-9B76EDA8,Premium,2025-07-06,2025-08-05,30,10,1720.94
POL-09B3CBA5,INV-FF524512,Premium,2025-08-05,2025-09-04,30,11,1720.94
POL-09B3CBA5,INV-BC4993DE,Premium,2025-09-04,2025-10-04,60,12,1720.94
POL-09B3CBA5,INV-F33D6D5A,Premium,2025-10-04,2025-10-09,90,13,1720.94
POL-2B7E6E08,INV-8A985458,Premium,2022-10-30,2023-04-28,60,1,722.63
POL-2B7E6E08,INV-7CAAE941,Premium,2023-04-28,2023-10-25,90,2,722.63
POL-2B7E6E08,INV-7BD1BF9F,Premium,2023-10-25,2023-10-30,30,3,722.63
POL-642179C2,INV-476AB30D,Premium,2026-03-18,2026-04-17,30,1,1250.19
POL-642179C2,INV-85BE5A83,Premium,2026-04-17,2026-05-17,90,2,1250.19
POL-642179C2,INV-1D5F60B9,Premium,2026-05-17,2026-06-16,30,3,1250.19
POL-642179C2,INV-459995F7,Adjustment,2026-06-16,2026-07-16,30,4,1250.19
POL-642179C2,INV-AEB321F9,Premium,2026-07-16,2026-08-15,90,5,1250.19
POL-642179C2,INV-33374868,Adjustment,2026-08-15,2026-09-14,30,6,1250.19
POL-642179C2,INV-084DDE33,Premium,2026-09-14,2026-10-14,30,7,1250.19
POL-3D8E08B1,INV-FF2E7482,Adjustment,2023-03-25,2023-09-21,60,1,363.0
POL-662886B1,INV-5BA38BD5,Premium,2024-11-26,2025-05-25,90,1,279.93
POL-662886B1,INV-E66858A0,Premium,2025-05-25,2025-11-21,90,2,279.93
POL-41E9AF92,INV-E91679D3,Premium,2022-09-06,2022-10-06,30,1,846.23
POL-41E9AF92,INV-810BA8E9,Premium,2022-10-06,2022-11-05,60,2,846.23
POL-41E9AF92,INV-0D2AB129,Premium,2022-11-05,2022-12-05,90,3,846.23
POL-41E9AF92,INV-7971FE9E,Premium,2022-12-05,2023-01-04,60,4,846.23
POL-41E9AF92,INV-4BB35380,Premium,2023-01-04,2023-02-03,60,5,846.23
POL-41E9AF92,INV-8F2FBFCC,Premium,2023-02-03,2023-03-05,30,6,846.23
POL-41E9AF92,INV-8B2ABA08,Premium,2023-03-05,2023-04-04,90,7,846.23
POL-41E9AF92,INV-5C3016F7,Premium,2023-04-04,2023-05-04,60,8,846.23
POL-41E9AF92,INV-E6A873E6,Premium,2023-05-04,2023-06-03,30,9,846.23
POL-41E9AF92,INV-62AF01FD,Premium,2023-06-03,2023-07-03,30,10,846.23
POL-41E9AF92,INV-E29BB8C7,Adjustment,2023-07-03,2023-08-02,30,11,846.23
POL-41E9AF92,INV-5E287D9D,Refund,2023-08-02,2023-09-01,60,12,846.23
POL-41E9AF92,INV-94C39563,Premium,2023-09-01,2023-09-06,60,13,846.23
POL-71419447,INV-45042C9A,Premium,2025-09-29,2026-03-28,90,1,389.57
POL-71419447,INV-73DE147B,Refund,2026-03-28,2026-09-24,90,2,389.57
POL-2F4AE49F,INV-EFDE84DC,Premium,2025-05-04,2025-08-02,60,1,1737.71
POL-2F4AE49F,INV-ABA594A5,Premium,2025-08-02,2025-10-31,60,2,1737.71
POL-2F4AE49F,INV-8D45B715,Premium,2025-10-31,2026-01-29,90,3,1737.71
POL-2F4AE49F,INV-AEC9A456,Adjustment,2026-01-29,2026-04-29,90,4,1737.71
POL-2F4AE49F,INV-8A410A0A,Premium,2026-04-29,2026-05-04,60,5,1737.71
POL-F58D8350,INV-7C59D49F,Refund,2025-01-27,2025-02-26,60,1,284.05
POL-F58D8350,INV-12AC8659,Premium,2025-02-26,2025-03-28,90,2,284.05
POL-F58D8350,INV-520F001B,Refund,2025-03-28,2025-04-27,30,3,284.05
POL-F58D8350,INV-0D7FB8D1,Premium,2025-04-27,2025-05-27,60,4,284.05
POL-F58D8350,INV-2EA3A8B7,Premium,2025-05-27,2025-06-26,90,5,284.05
POL-F58D8350,INV-F7B22E2C,Premium,2025-06-26,2025-07-26,90,6,284.05
POL-F58D8350,INV-D87DB685,Premium,2025-07-26,2025-08-25,30,7,284.05
POL-F58D8350,INV-7C8FD01F,Premium,2025-08-25,2025-09-24,60,8,284.05
POL-F58D8350,INV-06373B90,Premium,2025-09-24,2025-10-24,30,9,284.05
POL-F58D8350,INV-58C1F876,Adjustment,2025-10-24,2025-11-23,90,10,284.05
POL-F58D8350,INV-B633553B,Premium,2025-11-23,2025-12-23,30,11,284.05
POL-F58D8350,INV-9A21BFC8,Premium,2025-12-23,2026-01-22,60,12,284.05
POL-F58D8350,INV-CC2F1DA9,Premium,2026-01-22,2026-01-27,30,13,284.05
POL-DDF95978,INV-BA2E1545,Premium,2026-03-04,2026-06-02,90,1,493.95
POL-DDF95978,INV-34F921B7,Premium,2026-06-02,2026-08-31,90,2,493.95
POL-DDF95978,INV-12C890B2,Premium,2026-08-31,2026-11-29,30,3,493.95
POL-E860CA5D,INV-AAB9B068,Premium,2023-06-15,2023-07-15,60,1,500.94
POL-E860CA5D,INV-28EEF5C9,Premium,2023-07-15,2023-08-14,30,2,500.94
POL-E860CA5D,INV-A1835CAD,Premium,2023-08-14,2023-09-13,30,3,500.94
POL-E860CA5D,INV-E89D8700,Premium,2023-09-13,2023-10-13,60,4,500.94
POL-E860CA5D,INV-5D316351,Premium,2023-10-13,2023-11-12,90,5,500.94
POL-E860CA5D,INV-BA22D422,Premium,2023-11-12,2023-12-12,90,6,500.94
POL-E860CA5D,INV-601D0731,Premium,2023-12-12,2024-01-11,90,7,500.94
POL-E860CA5D,INV-9D9AF595,Premium,2024-01-11,2024-02-10,30,8,500.94
POL-E860CA5D,INV-688A6184,Premium,2024-02-10,2024-03-11,30,9,500.94
POL-E860CA5D,INV-067CF5AA,Refund,2024-03-11,2024-04-10,90,10,500.94
POL-E860CA5D,INV-5D5D1FBA,Premium,2024-04-10,2024-05-10,60,11,500.94
POL-E860CA5D,INV-8DEF3E01,Premium,2024-05-10,2024-06-09,90,12,500.94
POL-E860CA5D,INV-75790FFD,Adjustment,2024-06-09,2024-06-14,90,13,500.94
POL-A12E625F,INV-1C48865D,Premium,2025-07-29,2026-01-25,60,1,1647.91
POL-A12E625F,INV-E0B36F6B,Premium,2026-01-25,2026-07-24,30,2,1647.91
POL-A12E625F,INV-1BD51E5D,Refund,2026-07-24,2026-07-29,90,3,1647.91
POL-5E85F193,INV-2EFEFD2E,Premium,2025-07-07,2025-10-05,60,1,1234.71
POL-5E85F193,INV-9150269F,Premium,2025-10-05,2026-01-03,60,2,1234.71
POL-5E85F193,INV-DC116D12,Premium,2026-01-03,2026-04-03,60,3,1234.71
POL-5E85F193,INV-ED7063A8,Premium,2026-04-03,2026-07-02,90,4,1234.71
POL-5E85F193,INV-4DA39E6D,Premium,2026-07-02,2026-07-07,30,5,1234.71
POL-EFB91DAC,INV-2B32CC5C,Premium,2024-06-19,2024-12-16,60,1,597.27
POL-EFB91DAC,INV-45ABCCE1,Adjustment,2024-12-16,2025-06-14,90,2,597.27
POL-EFB91DAC,INV-45F37C5A,Premium,2025-06-14,2025-06-19,60,3,597.27
POL-33D09603,INV-0937FF77,Premium,2023-04-26,2023-07-25,30,1,1038.53
POL-33D09603,INV-DE64C231,Premium,2023-07-25,2023-10-23,60,2,1038.53
POL-33D09603,INV-53B0F709,Premium,2023-10-23,2024-01-21,60,3,1038.53
POL-33D09603,INV-C7E660B7,Premium,2024-01-21,2024-04-20,30,4,1038.53
POL-33D09603,INV-5FAE0D0D,Premium,2024-04-20,2024-04-25,30,5,1038.53
POL-35F36C38,INV-927A976C,Premium,2023-10-17,2023-11-16,90,1,168.64
POL-35F36C38,INV-34EAAF46,Premium,2023-11-16,2023-12-16,30,2,168.64
POL-35F36C38,INV-1B294256,Premium,2023-12-16,2024-01-15,90,3,168.64
POL-35F36C38,INV-A16C4605,Premium,2024-01-15,2024-02-14,90,4,168.64
POL-35F36C38,INV-06F54486,Premium,2024-02-14,2024-03-15,30,5,168.64
POL-35F36C38,INV-6AB32590,Adjustment,2024-03-15,2024-04-14,60,6,168.64
POL-35F36C38,INV-A5317B2B,Premium,2024-04-14,2024-05-14,30,7,168.64
POL-35F36C38,INV-C244EA71,Premium,2024-05-14,2024-06-13,30,8,168.64
POL-35F36C38,INV-12F1B715,Adjustment,2024-06-13,2024-07-13,30,9,168.64
POL-35F36C38,INV-BC501E7D,Premium,2024-07-13,2024-08-12,60,10,168.64
POL-35F36C38,INV-01355BBF,Adjustment,2024-08-12,2024-09-11,90,11,168.64
POL-35F36C38,INV-AD40D0E7,Premium,2024-09-11,2024-10-11,30,12,168.64
POL-35F36C38,INV-F72A5A3D,Premium,2024-10-11,2024-10-16,30,13,168.64
POL-6B0C1F12,INV-2865BBDB,Premium,2022-11-05,2023-05-04,60,1,1029.58
POL-6B0C1F12,INV-5BBDEF19,Premium,2023-05-04,2023-10-31,90,2,1029.58
POL-21090648,INV-5D5DE623,Premium,2025-12-17,2026-01-16,90,1,697.93
POL-21090648,INV-AE8F59EC,Adjustment,2026-01-16,2026-02-15,60,2,697.93
POL-21090648,INV-D8C534DB,Premium,2026-02-15,2026-03-17,90,3,697.93
POL-21090648,INV-D6D1428C,Premium,2026-03-17,2026-04-16,60,4,697.93
POL-21090648,INV-4F340FAA,Adjustment,2026-04-16,2026-05-16,60,5,697.93
POL-21090648,INV-C2FC25B3,Premium,2026-05-16,2026-06-15,30,6,697.93
POL-21090648,INV-BD3B501B,Premium,2026-06-15,2026-07-15,30,7,697.93
POL-21090648,INV-B5013D5C,Premium,2026-07-15,2026-08-14,30,8,697.93
POL-21090648,INV-00716138,Premium,2026-08-14,2026-09-13,90,9,697.93
POL-21090648,INV-A2CBCAA1,Premium,2026-09-13,2026-10-13,60,10,697.93
POL-B2770E3E,INV-81F50F04,Premium,2024-04-14,2024-10-11,30,1,587.73
POL-B2770E3E,INV-42E14476,Premium,2024-10-11,2025-04-09,30,2,587.73
POL-B2770E3E,INV-13A982DB,Premium,2025-04-09,2025-04-14,90,3,587.73
POL-A005DEC4,INV-E43014AD,Premium,2024-08-12,2024-09-11,60,1,1702.76
POL-A005DEC4,INV-82B81BF0,Adjustment,2024-09-11,2024-10-11,90,2,1702.76
POL-A005DEC4,INV-E9B28C68,Premium,2024-10-11,2024-11-10,60,3,1702.76
POL-A005DEC4,INV-2EBDF708,Premium,2024-11-10,2024-12-10,60,4,1702.76
POL-A005DEC4,INV-4908F37F,Premium,2024-12-10,2025-01-09,90,5,1702.76
POL-A005DEC4,INV-91FDEBBA,Premium,2025-01-09,2025-02-08,30,6,1702.76
POL-A005DEC4,INV-938DE70D,Adjustment,2025-02-08,2025-03-10,90,7,1702.76
POL-A005DEC4,INV-1787C5DC,Refund,2025-03-10,2025-04-09,30,8,1702.76
POL-A005DEC4,INV-78A460A2,Premium,2025-04-09,2025-05-09,30,9,1702.76
POL-A005DEC4,INV-96BE2E76,Adjustment,2025-05-09,2025-06-08,90,10,1702.76
POL-A005DEC4,INV-C682B0DA,Premium,2025-06-08,2025-07-08,30,11,1702.76
POL-A005DEC4,INV-90F97811,Premium,2025-07-08,2025-08-07,90,12,1702.76
POL-A005DEC4,INV-F0992250,Premium,2025-08-07,2025-08-12,90,13,1702.76
POL-EF5ADAD5,INV-97C9780A,Premium,2024-05-10,2024-11-06,60,1,339.77
POL-EF5ADAD5,INV-4106B8B7,Premium,2024-11-06,2025-05-05,90,2,339.77
POL-1FDB67B8,INV-6B835222,Adjustment,2025-03-25,2025-06-23,60,1,1176.89
POL-1FDB67B8,INV-B51ED2DC,Premium,2025-06-23,2025-09-21,30,2,1176.89
POL-1FDB67B8,INV-A484755D,Premium,2025-09-21,2025-12-20,90,3,1176.89
POL-1FDB67B8,INV-DFD5B510,Premium,2025-12-20,2026-03-20,30,4,1176.89
POL-1FDB67B8,INV-427DB4E8,Premium,2026-03-20,2026-03-25,60,5,1176.89
POL-327DC383,INV-F8E6A9A2,Premium,2023-12-22,2024-03-21,90,1,1001.47
POL-327DC383,INV-FCFBE5B9,Premium,2024-03-21,2024-06-19,90,2,1001.47
POL-327DC383,INV-4F01DA0B,Premium,2024-06-19,2024-09-17,30,3,1001.47
POL-327DC383,INV-444A51E3,Premium,2024-09-17,2024-12-16,30,4,1001.47
POL-327DC383,INV-0FE25BE1,Premium,2024-12-16,2024-12-21,30,5,1001.47
POL-6290DFC1,INV-63935430,Premium,2025-01-07,2025-07-06,60,1,410.12
POL-6290DFC1,INV-02078296,Premium,2025-07-06,2026-01-02,60,2,410.12
POL-6290DFC1,INV-1CC9BE79,Premium,2026-01-02,2026-01-07,60,3,410.12
POL-DE54F919,INV-4328C2B2,Premium,2025-01-23,2025-07-22,90,1,869.48
POL-DE54F919,INV-DD13A529,Premium,2025-07-22,2026-01-18,90,2,869.48
POL-DE54F919,INV-DE7FADC5,Premium,2026-01-18,2026-01-23,30,3,869.48
POL-D6194B36,INV-CA5907BA,Adjustment,2024-09-26,2024-12-25,30,1,1204.43
POL-D6194B36,INV-6D683EA7,Premium,2024-12-25,2025-03-25,60,2,1204.43
POL-D6194B36,INV-337E9BD4,Premium,2025-03-25,2025-06-23,60,3,1204.43
POL-D6194B36,INV-B38248A9,Premium,2025-06-23,2025-09-21,30,4,1204.43
POL-D6194B36,INV-6FB2EE76,Premium,2025-09-21,2025-09-26,30,5,1204.43
POL-A427CEBD,INV-FF689AB3,Premium,2024-09-21,2024-12-20,60,1,939.76
POL-A427CEBD,INV-52ED45CB,Premium,2024-12-20,2025-03-20,30,2,939.76
POL-A427CEBD,INV-5149B4F2,Adjustment,2025-03-20,2025-06-18,30,3,939.76
POL-A427CEBD,INV-FF40A3E1,Premium,2025-06-18,2025-09-16,90,4,939.76
POL-A427CEBD,INV-CE70ECC9,Adjustment,2025-09-16,2025-09-21,60,5,939.76
POL-23057693,INV-C8848374,Adjustment,2023-11-20,2024-05-18,90,1,546.28
POL-23057693,INV-29DDAAE5,Adjustment,2024-05-18,2024-11-14,90,2,546.28
POL-23057693,INV-FE551DE0,Premium,2024-11-14,2024-11-19,30,3,546.28
POL-10E360D8,INV-5EF5F1EC,Adjustment,2026-01-23,2026-04-23,30,1,388.49
POL-10E360D8,INV-0E958B0D,Adjustment,2026-04-23,2026-07-22,90,2,388.49
POL-E97E162F,INV-E7B05106,Premium,2022-09-19,2022-12-18,60,1,328.01
POL-E97E162F,INV-44DF7033,Adjustment,2022-12-18,2023-03-18,60,2,328.01
POL-E97E162F,INV-D541F4AF,Premium,2023-03-18,2023-06-16,30,3,328.01
POL-E97E162F,INV-79663492,Premium,2023-06-16,2023-09-14,60,4,328.01
POL-E97E162F,INV-AB312E84,Premium,2023-09-14,2023-09-19,90,5,328.01
POL-94A80772,INV-5E78333C,Premium,2022-06-21,2022-09-19,30,1,650.58
POL-94A80772,INV-0AD85014,Premium,2022-09-19,2022-12-18,90,2,650.58
POL-94A80772,INV-2C034905,Premium,2022-12-18,2023-03-18,90,3,650.58
POL-94A80772,INV-62B3EA4F,Premium,2023-03-18,2023-06-16,60,4,650.58
POL-94A80772,INV-CBA0DE92,Premium,2023-06-16,2023-06-21,60,5,650.58
POL-140478E4,INV-8F6D6A5C,Premium,2024-08-03,2024-09-02,90,1,479.29
POL-140478E4,INV-D0C951D9,Premium,2024-09-02,2024-10-02,90,2,479.29
POL-140478E4,INV-CABAB58C,Premium,2024-10-02,2024-11-01,60,3,479.29
POL-140478E4,INV-E8E6B819,Premium,2024-11-01,2024-12-01,60,4,479.29
POL-140478E4,INV-E177B321,Premium,2024-12-01,2024-12-31,60,5,479.29
POL-140478E4,INV-778E44F9,Premium,2024-12-31,2025-01-30,60,6,479.29
POL-140478E4,INV-39B498A5,Premium,2025-01-30,2025-03-01,60,7,479.29
POL-140478E4,INV-D736538C,Premium,2025-03-01,2025-03-31,90,8,479.29
POL-140478E4,INV-22B9C9DB,Premium,2025-03-31,2025-04-30,60,9,479.29
POL-140478E4,INV-7788CEAB,Premium,2025-04-30,2025-05-30,90,10,479.29
POL-140478E4,INV-8BCF19F7,Premium,2025-05-30,2025-06-29,30,11,479.29
POL-140478E4,INV-718099BF,Premium,2025-06-29,2025-07-29,30,12,479.29
POL-140478E4,INV-E2B66347,Premium,2025-07-29,2025-08-03,60,13,479.29
POL-76219799,INV-CFC4E7FD,Premium,2024-02-16,2024-03-17,90,1,1304.08
POL-76219799,INV-3A4263BB,Premium,2024-03-17,2024-04-16,60,2,1304.08
POL-76219799,INV-52A92FB1,Premium,2024-04-16,2024-05-16,30,3,1304.08
POL-76219799,INV-BBFB0658,Adjustment,2024-05-16,2024-06-15,60,4,1304.08
POL-76219799,INV-B3F00103,Premium,2024-06-15,2024-07-15,60,5,1304.08
POL-76219799,INV-0C28A986,Premium,2024-07-15,2024-08-14,30,6,1304.08
POL-76219799,INV-F86C7031,Premium,2024-08-14,2024-09-13,60,7,1304.08
POL-76219799,INV-282B6610,Premium,2024-09-13,2024-10-13,90,8,1304.08
POL-76219799,INV-F8F62CF3,Premium,2024-10-13,2024-11-12,30,9,1304.08
POL-76219799,INV-873174DB,Premium,2024-11-12,2024-12-12,90,10,1304.08
POL-76219799,INV-429B2606,Premium,2024-12-12,2025-01-11,90,11,1304.08
POL-76219799,INV-BD56A506,Premium,2025-01-11,2025-02-10,60,12,1304.08
POL-76219799,INV-0006E374,Premium,2025-02-10,2025-02-15,60,13,1304.08
POL-D07D891F,INV-50BD8E43,Premium,2024-07-20,2024-10-18,90,1,747.02
POL-D07D891F,INV-C359D407,Adjustment,2024-10-18,2025-01-16,30,2,747.02
POL-D07D891F,INV-8F42522C,Premium,2025-01-16,2025-04-16,30,3,747.02
POL-D07D891F,INV-355C5D69,Premium,2025-04-16,2025-07-15,30,4,747.02
POL-D07D891F,INV-35D593D3,Premium,2025-07-15,2025-07-20,60,5,747.02
POL-D69A329B,INV-92144FEA,Premium,2023-07-24,2023-08-23,30,1,541.66
POL-D69A329B,INV-FDDBC7FA,Premium,2023-08-23,2023-09-22,60,2,541.66
POL-D69A329B,INV-E896720A,Premium,2023-09-22,2023-10-22,30,3,541.66
POL-D69A329B,INV-CE62B977,Premium,2023-10-22,2023-11-21,30,4,541.66
POL-D69A329B,INV-5C86457E,Premium,2023-11-21,2023-12-21,60,5,541.66
POL-D69A329B,INV-35B9F7C1,Premium,2023-12-21,2024-01-20,30,6,541.66
POL-D69A329B,INV-2C2EDA9B,Premium,2024-01-20,2024-02-19,30,7,541.66
POL-D69A329B,INV-A33091E0,Premium,2024-02-19,2024-03-20,60,8,541.66
POL-D69A329B,INV-F446F19A,Premium,2024-03-20,2024-04-19,90,9,541.66
POL-D69A329B,INV-677802D9,Premium,2024-04-19,2024-05-19,60,10,541.66
POL-D69A329B,INV-4131A682,Premium,2024-05-19,2024-06-18,60,11,541.66
POL-304E1263,INV-FED27873,Adjustment,2024-08-21,2025-02-17,90,1,1482.62
POL-ED643EE6,INV-FF9012DC,Premium,2023-12-18,2024-06-15,90,1,314.13
POL-ED643EE6,INV-75915161,Premium,2024-06-15,2024-12-12,60,2,314.13
POL-ED643EE6,INV-6D086881,Premium,2024-12-12,2024-12-17,60,3,314.13
POL-B4E663E7,INV-50B6EA8F,Premium,2025-08-27,2025-09-26,90,1,1746.21
POL-B4E663E7,INV-431B8394,Premium,2025-09-26,2025-10-26,90,2,1746.21
POL-B4E663E7,INV-4812EDF8,Premium,2025-10-26,2025-11-25,60,3,1746.21
POL-B4E663E7,INV-AD3C9583,Premium,2025-11-25,2025-12-25,60,4,1746.21
POL-2565578E,INV-66F7C46B,Adjustment,2023-02-13,2023-03-15,30,1,707.83
POL-2565578E,INV-8FEBF0A9,Premium,2023-03-15,2023-04-14,90,2,707.83
POL-2565578E,INV-BE31281A,Premium,2023-04-14,2023-05-14,90,3,707.83
POL-2565578E,INV-C07F2FBB,Premium,2023-05-14,2023-06-13,90,4,707.83
POL-0D427E2F,INV-15E743D1,Premium,2022-09-16,2023-03-15,60,1,873.99
POL-0D427E2F,INV-700F89F3,Premium,2023-03-15,2023-09-11,90,2,873.99
POL-0D427E2F,INV-8D3DE051,Premium,2023-09-11,2023-09-16,60,3,873.99
POL-6247AD53,INV-2C4C1410,Premium,2025-03-01,2025-05-30,60,1,1237.52
POL-6247AD53,INV-A3DFC37A,Premium,2025-05-30,2025-08-28,90,2,1237.52
POL-6247AD53,INV-3AF018AE,Premium,2025-08-28,2025-11-26,60,3,1237.52
POL-6247AD53,INV-9D54BCCA,Premium,2025-11-26,2026-02-24,30,4,1237.52
POL-6247AD53,INV-10923343,Premium,2026-02-24,2026-03-01,90,5,1237.52
POL-3CD534C8,INV-9C376FF6,Premium,2024-01-26,2024-07-24,90,1,904.28
POL-3CD534C8,INV-39F0EC89,Adjustment,2024-07-24,2025-01-20,90,2,904.28
POL-3CD534C8,INV-F114214D,Premium,2025-01-20,2025-01-25,30,3,904.28
POL-9B1ABCE2,INV-BBE46CED,Premium,2025-05-28,2025-11-24,90,1,1440.04
POL-9B1ABCE2,INV-46DDFC0F,Premium,2025-11-24,2026-05-23,30,2,1440.04
POL-9B1ABCE2,INV-5F9C8909,Premium,2026-05-23,2026-05-28,30,3,1440.04
POL-F75F459B,INV-F43B9B51,Premium,2022-12-02,2023-01-01,90,1,1211.07
POL-F75F459B,INV-C3EBDFEF,Premium,2023-01-01,2023-01-31,90,2,1211.07
POL-F75F459B,INV-CB9A2623,Refund,2023-01-31,2023-03-02,90,3,1211.07
POL-F75F459B,INV-F1401412,Premium,2023-03-02,2023-04-01,60,4,1211.07
POL-F75F459B,INV-E009AE76,Adjustment,2023-04-01,2023-05-01,60,5,1211.07
POL-F75F459B,INV-726B0BBB,Premium,2023-05-01,2023-05-31,30,6,1211.07
POL-F75F459B,INV-B1543382,Premium,2023-05-31,2023-06-30,90,7,1211.07
POL-F75F459B,INV-301EC147,Premium,2023-06-30,2023-07-30,90,8,1211.07
POL-F75F459B,INV-292C0071,Premium,2023-07-30,2023-08-29,90,9,1211.07
POL-F75F459B,INV-638C2FB6,Premium,2023-08-29,2023-09-28,60,10,1211.07
POL-F75F459B,INV-2863BF5F,Premium,2023-09-28,2023-10-28,90,11,1211.07
POL-F75F459B,INV-80E33895,Premium,2023-10-28,2023-11-27,90,12,1211.07
POL-F75F459B,INV-0B3FAD31,Premium,2023-11-27,2023-12-02,30,13,1211.07
POL-50E7004B,INV-495481DA,Premium,2023-10-01,2024-03-29,30,1,910.37
POL-50E7004B,INV-5D152D61,Premium,2024-03-29,2024-09-25,90,2,910.37
POL-50E7004B,INV-B07046AF,Premium,2024-09-25,2024-09-30,60,3,910.37
POL-DB745FB0,INV-A4D2C2C5,Premium,2024-03-23,2024-04-22,90,1,670.07
POL-DB745FB0,INV-2D27C7CF,Premium,2024-04-22,2024-05-22,60,2,670.07
POL-DB745FB0,INV-29E0F29E,Premium,2024-05-22,2024-06-21,90,3,670.07
POL-DB745FB0,INV-98AC3F81,Premium,2024-06-21,2024-07-21,60,4,670.07
POL-DB745FB0,INV-E70E4C2C,Premium,2024-07-21,2024-08-20,30,5,670.07
POL-DB745FB0,INV-B3FE4D8C,Premium,2024-08-20,2024-09-19,30,6,670.07
POL-DB745FB0,INV-28718D58,Premium,2024-09-19,2024-10-19,60,7,670.07
POL-DB745FB0,INV-8FFFF75A,Premium,2024-10-19,2024-11-18,90,8,670.07
POL-DB745FB0,INV-1C5AF800,Premium,2024-11-18,2024-12-18,90,9,670.07
POL-DB745FB0,INV-5C147BAB,Premium,2024-12-18,2025-01-17,30,10,670.07
POL-DB745FB0,INV-8FE5A53A,Premium,2025-01-17,2025-02-16,60,11,670.07
POL-DB745FB0,INV-60227328,Premium,2025-02-16,2025-03-18,60,12,670.07
POL-DB745FB0,INV-47F68EEF,Premium,2025-03-18,2025-03-23,60,13,670.07
POL-65B599A4,INV-3F62C9A8,Premium,2022-06-05,2022-12-02,90,1,1163.19
POL-65B599A4,INV-A990DBAE,Premium,2022-12-02,2023-05-31,30,2,1163.19
POL-65B599A4,INV-E6DAE2DB,Premium,2023-05-31,2023-06-05,30,3,1163.19
POL-635AA20E,INV-E44F7528,Premium,2022-07-28,2022-10-26,30,1,853.27
POL-635AA20E,INV-B1F12B0F,Premium,2022-10-26,2023-01-24,30,2,853.27
POL-635AA20E,INV-619F7ED6,Premium,2023-01-24,2023-04-24,90,3,853.27
POL-635AA20E,INV-E22B1D37,Premium,2023-04-24,2023-07-23,30,4,853.27
POL-635AA20E,INV-F013217B,Premium,2023-07-23,2023-07-28,90,5,853.27
POL-52132DC5,INV-15EBEC32,Premium,2025-03-05,2025-04-04,60,1,401.57
POL-52132DC5,INV-95585AEF,Premium,2025-04-04,2025-05-04,90,2,401.57
POL-52132DC5,INV-6CC10A2A,Adjustment,2025-05-04,2025-06-03,90,3,401.57
POL-52132DC5,INV-3AF332D7,Adjustment,2025-06-03,2025-07-03,60,4,401.57
POL-52132DC5,INV-FEBFD5A7,Premium,2025-07-03,2025-08-02,90,5,401.57
POL-52132DC5,INV-A9C2EDF3,Premium,2025-08-02,2025-09-01,30,6,401.57
POL-52132DC5,INV-CEE444F6,Premium,2025-09-01,2025-10-01,60,7,401.57
POL-52132DC5,INV-8C5FA3FB,Premium,2025-10-01,2025-10-31,90,8,401.57
POL-52132DC5,INV-5978073B,Premium,2025-10-31,2025-11-30,60,9,401.57
POL-52132DC5,INV-3F8FD90E,Adjustment,2025-11-30,2025-12-30,90,10,401.57
POL-52132DC5,INV-13B4C780,Premium,2025-12-30,2026-01-29,30,11,401.57
POL-52132DC5,INV-852B319E,Premium,2026-01-29,2026-02-28,30,12,401.57
POL-52132DC5,INV-19A73246,Premium,2026-02-28,2026-03-05,30,13,401.57
POL-0FE59CE1,INV-8133B4B1,Premium,2024-12-27,2025-06-25,60,1,722.09
POL-0FE59CE1,INV-C81426B6,Premium,2025-06-25,2025-12-22,30,2,722.09
POL-0FE59CE1,INV-D323B84B,Premium,2025-12-22,2025-12-27,60,3,722.09
POL-912D669F,INV-45E14E24,Premium,2024-01-29,2024-07-27,90,1,399.5
POL-912D669F,INV-5B8CB582,Adjustment,2024-07-27,2025-01-23,30,2,399.5
POL-912D669F,INV-983F510F,Premium,2025-01-23,2025-01-28,60,3,399.5
POL-8C0F8B4A,INV-BD05386D,Premium,2022-01-26,2022-04-26,60,1,576.8
POL-8C0F8B4A,INV-2CC7971D,Premium,2022-04-26,2022-07-25,60,2,576.8
POL-8C0F8B4A,INV-D4661526,Adjustment,2022-07-25,2022-10-23,60,3,576.8
POL-8C0F8B4A,INV-63D01B08,Premium,2022-10-23,2023-01-21,60,4,576.8
POL-F0BCA24E,INV-3C045732,Premium,2022-08-05,2023-02-01,60,1,1737.79
POL-F0BCA24E,INV-5664D353,Premium,2023-02-01,2023-07-31,60,2,1737.79
POL-C8B8D6ED,INV-060AD96E,Premium,2025-12-19,2026-01-18,60,1,794.88
POL-C8B8D6ED,INV-0A1BD721,Premium,2026-01-18,2026-02-17,90,2,794.88
POL-C8B8D6ED,INV-0001C814,Premium,2026-02-17,2026-03-19,30,3,794.88
POL-C8B8D6ED,INV-74721479,Premium,2026-03-19,2026-04-18,60,4,794.88
POL-C8B8D6ED,INV-CFB4E084,Premium,2026-04-18,2026-05-18,60,5,794.88
POL-E40ED001,INV-929ED4F7,Premium,2026-02-11,2026-08-10,90,1,369.32
POL-AC5317EC,INV-6F38AA51,Premium,2024-08-10,2025-02-06,90,1,1408.78
POL-AC5317EC,INV-2D49D62C,Premium,2025-02-06,2025-08-05,30,2,1408.78
POL-AC5317EC,INV-A78489BA,Premium,2025-08-05,2025-08-10,90,3,1408.78
POL-1CCAF738,INV-3CA37253,Premium,2025-04-28,2025-07-27,30,1,1496.05
POL-1CCAF738,INV-ED423AFA,Premium,2025-07-27,2025-10-25,60,2,1496.05
POL-1CCAF738,INV-B06A52C6,Premium,2025-10-25,2026-01-23,60,3,1496.05
POL-1CCAF738,INV-FEC681BF,Premium,2026-01-23,2026-04-23,90,4,1496.05
POL-1CCAF738,INV-9C81FB86,Premium,2026-04-23,2026-04-28,60,5,1496.05
POL-D49808DA,INV-794490E4,Premium,2022-06-27,2022-09-25,60,1,1584.67
POL-D49808DA,INV-01AA1AD9,Premium,2022-09-25,2022-12-24,30,2,1584.67
POL-D49808DA,INV-ED9FA7CB,Premium,2022-12-24,2023-03-24,30,3,1584.67
POL-D49808DA,INV-164B0C4C,Premium,2023-03-24,2023-06-22,30,4,1584.67
POL-D49808DA,INV-FF07CEA3,Premium,2023-06-22,2023-06-27,90,5,1584.67
POL-8662B33A,INV-584AA20C,Premium,2026-03-17,2026-09-13,90,1,1091.23
POL-8662B33A,INV-5336F37F,Premium,2026-09-13,2027-03-12,60,2,1091.23
POL-5C031C44,INV-8977B67A,Premium,2023-11-20,2024-02-18,30,1,365.49
POL-5C031C44,INV-A6C870D1,Premium,2024-02-18,2024-05-18,30,2,365.49
POL-189665B3,INV-FDC1CB12,Premium,2023-01-08,2023-04-08,90,1,1060.53
POL-189665B3,INV-732FCDCB,Premium,2023-04-08,2023-07-07,60,2,1060.53
POL-189665B3,INV-86C6B029,Refund,2023-07-07,2023-10-05,60,3,1060.53
POL-189665B3,INV-71956142,Premium,2023-10-05,2024-01-03,60,4,1060.53
POL-6EB57814,INV-238F5448,Premium,2023-11-29,2024-05-27,90,1,1718.12
POL-6EB57814,INV-8C0BF1AC,Premium,2024-05-27,2024-11-23,30,2,1718.12
POL-E24F67B5,INV-304605B1,Premium,2023-07-20,2023-08-19,30,1,1735.97
POL-E24F67B5,INV-AA23DCC3,Refund,2023-08-19,2023-09-18,90,2,1735.97
POL-E24F67B5,INV-41769696,Premium,2023-09-18,2023-10-18,30,3,1735.97
POL-E24F67B5,INV-18362714,Premium,2023-10-18,2023-11-17,90,4,1735.97
POL-EF9F17B7,INV-904B15C6,Premium,2023-05-10,2023-08-08,90,1,634.01
POL-EF9F17B7,INV-0FB561A5,Premium,2023-08-08,2023-11-06,30,2,634.01
POL-EF9F17B7,INV-2869A34C,Premium,2023-11-06,2024-02-04,60,3,634.01
POL-EF9F17B7,INV-FAF7B6C3,Premium,2024-02-04,2024-05-04,60,4,634.01
POL-EF9F17B7,INV-DD906E20,Premium,2024-05-04,2024-05-09,90,5,634.01
POL-A7FD7D6F,INV-D0C9B050,Premium,2025-02-11,2025-03-13,60,1,1446.71
POL-A7FD7D6F,INV-AE2F9716,Premium,2025-03-13,2025-04-12,60,2,1446.71
POL-A7FD7D6F,INV-652B42CE,Premium,2025-04-12,2025-05-12,60,3,1446.71
POL-A7FD7D6F,INV-CEA04430,Premium,2025-05-12,2025-06-11,60,4,1446.71
POL-A7FD7D6F,INV-C902A040,Premium,2025-06-11,2025-07-11,30,5,1446.71
POL-A7FD7D6F,INV-8591612C,Adjustment,2025-07-11,2025-08-10,90,6,1446.71
POL-A7FD7D6F,INV-5ACB0683,Premium,2025-08-10,2025-09-09,60,7,1446.71
POL-A7FD7D6F,INV-A68B58FE,Premium,2025-09-09,2025-10-09,90,8,1446.71
POL-A7FD7D6F,INV-C324DBA2,Premium,2025-10-09,2025-11-08,30,9,1446.71
POL-A7FD7D6F,INV-DC7FA9EE,Premium,2025-11-08,2025-12-08,60,10,1446.71
POL-A7FD7D6F,INV-226471EE,Premium,2025-12-08,2026-01-07,60,11,1446.71
POL-A7FD7D6F,INV-E2623BAB,Premium,2026-01-07,2026-02-06,60,12,1446.71
POL-A7FD7D6F,INV-E0958B62,Premium,2026-02-06,2026-02-11,60,13,1446.71
POL-6D2057C3,INV-1965FC99,Premium,2025-11-15,2026-05-14,90,1,660.94
POL-6D2057C3,INV-56E6EE37,Adjustment,2026-05-14,2026-11-10,60,2,660.94
POL-E4288D33,INV-CEA58EBC,Premium,2024-07-06,2024-08-05,30,1,1617.95
POL-E4288D33,INV-EB6FC347,Premium,2024-08-05,2024-09-04,60,2,1617.95
POL-E4288D33,INV-051B3415,Premium,2024-09-04,2024-10-04,30,3,1617.95
POL-E4288D33,INV-019AB627,Premium,2024-10-04,2024-11-03,30,4,1617.95
POL-E4288D33,INV-C79E7375,Refund,2024-11-03,2024-12-03,60,5,1617.95
POL-E4288D33,INV-7BCDA2EF,Premium,2024-12-03,2025-01-02,90,6,1617.95
POL-E4288D33,INV-1A64E357,Adjustment,2025-01-02,2025-02-01,90,7,1617.95
POL-E4288D33,INV-7487F58B,Premium,2025-02-01,2025-03-03,60,8,1617.95
POL-E4288D33,INV-26751486,Premium,2025-03-03,2025-04-02,60,9,1617.95
POL-E4288D33,INV-A4646FB8,Premium,2025-04-02,2025-05-02,60,10,1617.95
POL-E4288D33,INV-581BE657,Premium,2025-05-02,2025-06-01,90,11,1617.95
POL-E4288D33,INV-4B102BDA,Premium,2025-06-01,2025-07-01,60,12,1617.95
POL-E4288D33,INV-95B503B2,Premium,2025-07-01,2025-07-06,90,13,1617.95
POL-F3BDEE7E,INV-1F911680,Premium,2022-07-10,2022-08-09,90,1,1283.04
POL-F3BDEE7E,INV-9D8D6CD4,Premium,2022-08-09,2022-09-08,30,2,1283.04
POL-F3BDEE7E,INV-84B6833F,Premium,2022-09-08,2022-10-08,60,3,1283.04
POL-F3BDEE7E,INV-9483124F,Premium,2022-10-08,2022-11-07,90,4,1283.04
POL-F3BDEE7E,INV-76D66D5E,Premium,2022-11-07,2022-12-07,90,5,1283.04
POL-F3BDEE7E,INV-58F9FE87,Premium,2022-12-07,2023-01-06,30,6,1283.04
POL-F3BDEE7E,INV-358FF37A,Premium,2023-01-06,2023-02-05,30,7,1283.04
POL-F3BDEE7E,INV-745500C5,Refund,2023-02-05,2023-03-07,60,8,1283.04
POL-F3BDEE7E,INV-B29485DA,Premium,2023-03-07,2023-04-06,60,9,1283.04
POL-F3BDEE7E,INV-67459931,Premium,2023-04-06,2023-05-06,60,10,1283.04
POL-F3BDEE7E,INV-69ECDF7A,Premium,2023-05-06,2023-06-05,30,11,1283.04
POL-F3BDEE7E,INV-92D4272C,Premium,2023-06-05,2023-07-05,60,12,1283.04
POL-F3BDEE7E,INV-F2EDFA1C,Adjustment,2023-07-05,2023-07-10,30,13,1283.04
POL-6E5CBAA4,INV-181011FF,Premium,2025-11-17,2026-02-15,30,1,738.28
POL-6E5CBAA4,INV-7ADB124C,Premium,2026-02-15,2026-05-16,90,2,738.28
POL-6E5CBAA4,INV-560B74D8,Premium,2026-05-16,2026-08-14,90,3,738.28
POL-6E5CBAA4,INV-3C66E82E,Premium,2026-08-14,2026-11-12,90,4,738.28
POL-AC8CFBA5,INV-2BF5C752,Premium,2025-09-21,2025-12-20,90,1,1198.03
POL-AC8CFBA5,INV-ED56EE74,Premium,2025-12-20,2026-03-20,90,2,1198.03
POL-AC8CFBA5,INV-ED80CF84,Premium,2026-03-20,2026-06-18,60,3,1198.03
POL-AC8CFBA5,INV-3FE87A18,Premium,2026-06-18,2026-09-16,60,4,1198.03
POL-AC8CFBA5,INV-ACC5BB49,Adjustment,2026-09-16,2026-09-21,30,5,1198.03
