transaction_id,invoice_num,premium,pay_transaction_date,pay_transaction_status
TXN-FE024E32,INV-140B0E91,894.01,2025-01-12,Failed
TXN-BBAEDA8B,INV-86B6030C,894.01,2025-10-19,Paid Late
TXN-CBE2C7C7,INV-306BB417,894.01,2026-01-11,Paid
TXN-EDCBA508,INV-653FD591,860.44,2025-05-14,Paid
TXN-40DBFAA1,INV-8B974F41,860.44,2025-08-11,Paid
TXN-7A7CA835,INV-0A4178AA,860.44,2025-11-17,Paid
TXN-1183B739,INV-1E81ECE5,860.44,2026-02-15,Paid
TXN-7C5D4C7C,INV-48C989CA,860.44,2026-05-07,Paid
TXN-B09CE1AD,INV-3339DB63,1350.4,2022-08-23,Paid
TXN-ABE1BB46,INV-2964B5F6,1350.4,2022-11-26,Paid
TXN-0FC15378,INV-B4705295,1350.4,2023-02-21,Paid
TXN-1B9B810E,INV-74171CD0,1350.4,2023-05-16,Paid
TXN-5A847B6A,INV-1205A60D,1350.4,2023-08-17,Paid
TXN-9857E199,INV-CE4A1E1C,599.9,2022-05-01,Paid
TXN-1D28F636,INV-4499CF8D,599.9,2022-11-05,Paid
TXN-B8D44A1E,INV-C896759A,599.9,2023-04-25,Paid
TXN-26B93B99,INV-3BF5C128,1703.83,2023-01-01,Paid
TXN-33702632,INV-1986F71A,1703.83,2023-03-31,Paid
TXN-898D9FBD,INV-45766653,1703.83,2023-08-14,Paid Late
TXN-497E682A,INV-5E573260,514.26,2024-12-28,Paid
TXN-7AFD0B3A,INV-2691A921,514.26,2025-01-27,Paid
TXN-79AA76B8,INV-E6B64756,514.26,2025-02-28,Paid
TXN-C878E51F,INV-6E8AE78D,514.26,2025-03-27,Paid
TXN-07EEAC50,INV-1FBAA026,514.26,2025-05-30,Paid
TXN-EB0CC91F,INV-3B5662E6,514.26,2025-08-10,Paid Late
TXN-24023978,INV-C119A8E4,514.26,2025-10-06,Paid Late
TXN-BED60AD7,INV-78FD6960,514.26,2025-11-24,Paid Late
TXN-2F702306,INV-B735A710,514.26,2026-01-08,Paid Late
TXN-8977CDA1,INV-67FC5EC2,514.26,2025-12-30,Paid Late
TXN-A4BB8B6B,INV-673AAE96,514.26,2025-11-23,Paid
TXN-34D6F354,INV-4CE15C9B,514.26,2025-12-25,Paid
TXN-7FA7A38F,INV-916B2D82,1058.04,2025-10-19,Paid
TXN-80C5794D,INV-6FA42B6C,1058.04,2025-11-23,Failed
TXN-70A5FE87,INV-6BB90308,1058.04,2025-12-23,Failed
TXN-DAFE5451,INV-6BB90308,1058.04,2026-01-01,Paid
TXN-1248D6AB,INV-AAB231B1,1058.04,2026-03-14,Paid
TXN-5FBB9852,INV-8DE3F108,1058.04,2026-07-30,Paid Late
TXN-5FCC8299,INV-32EC7F1F,1058.04,2026-07-22,Failed
TXN-21BB56D3,INV-962BCF3E,1058.04,2026-08-10,Failed
TXN-A9BC8667,INV-0B2F2E65,1435.06,2024-12-19,Paid
TXN-291132FD,INV-6689ED34,1435.06,2025-06-20,Paid
TXN-C92FA692,INV-3F050A1A,1435.06,2025-12-16,Paid
TXN-A9704578,INV-71A19AE3,466.67,2024-05-19,Paid
TXN-43BCDC80,INV-7854932E,466.67,2024-11-17,Paid
TXN-7B284275,INV-518EC7FE,466.67,2025-05-13,Paid
TXN-5940C919,INV-4B895EE4,1103.48,2026-01-01,Failed
TXN-57CB66E1,INV-4B895EE4,1103.48,2026-01-10,Paid
TXN-CC91FC00,INV-B2C9C311,1103.48,2026-04-02,Paid
TXN-2BDF3CD7,INV-1CAF870C,1103.48,2026-07-09,Paid
TXN-2D98EA0A,INV-4CA0FA73,772.31,2024-06-24,Paid
TXN-887CCA8E,INV-6120429A,772.31,2024-09-20,Paid
TXN-E232EBE8,INV-121F1E97,772.31,2024-12-23,Paid
TXN-3051C3CA,INV-AD380B0E,772.31,2025-03-16,Paid
TXN-7CB7267B,INV-8FEB168D,772.31,2025-06-13,Paid
TXN-EFF30A78,INV-45E9CAEC,473.75,2022-09-07,Paid
TXN-9D151003,INV-63478BCB,473.75,2022-10-14,Paid
TXN-3D39861F,INV-943E97DE,473.75,2022-11-05,Paid
TXN-BA994A0D,INV-A7121FF4,473.75,2022-12-12,Paid
TXN-BAAF8AE9,INV-42BF3302,473.75,2023-01-06,Paid
TXN-5E2AF8D0,INV-F40C038E,473.75,2023-02-03,Paid
TXN-579E5D50,INV-72BFB5DC,473.75,2023-03-11,Paid
TXN-B56F5B1E,INV-DBBBF28F,473.75,2023-04-07,Paid
TXN-EC3B4ED7,INV-14E5B2B0,473.75,2023-05-09,Paid
TXN-F5164D28,INV-25072711,473.75,2023-06-04,Paid
TXN-15428F58,INV-19CF9601,473.75,2023-07-04,Paid
TXN-17A0BF64,INV-C314FD9A,473.75,2023-08-02,Paid
TXN-BC6D6DB3,INV-3E9CACFD,473.75,2023-09-09,Paid
TXN-E9813FE7,INV-A68FEDA0,788.03,2023-12-01,Failed
TXN-6F4DBA1D,INV-A68FEDA0,788.03,2023-12-11,Paid
TXN-A5A12491,INV-BEB70C0F,788.03,2024-05-27,Paid
TXN-0C9DA2DB,INV-06FAF662,788.03,2024-11-27,Paid
TXN-A89C536B,INV-2B2256D5,620.97,2025-04-26,Paid
TXN-7766BD2D,INV-3CCD53BD,620.97,2025-05-30,Paid
TXN-D3F7DF52,INV-AA628D4C,620.97,2025-07-01,Failed
TXN-69D881AF,INV-D76F046F,620.97,2025-07-29,Paid
TXN-D0B4FFD8,INV-62F36C80,620.97,2025-10-29,Failed
TXN-26FBA303,INV-65C853A0,620.97,2026-02-22,Paid Late
TXN-433F5E77,INV-2D5FDB9D,620.97,2025-12-23,Paid
TXN-3D432483,INV-7A18A422,620.97,2026-01-24,Paid
TXN-A59CB47D,INV-5E4CBF4A,620.97,2026-02-15,Paid
TXN-376A2A14,INV-C4FC00D4,620.97,2026-04-22,Paid
TXN-BE1082CB,INV-C919B25A,352.41,2025-12-25,Paid
TXN-C2CBB5A5,INV-F1810F7F,352.41,2026-01-28,Paid
TXN-A4B1E6AF,INV-2009A6DF,352.41,2026-02-25,Failed
TXN-771C183F,INV-2009A6DF,352.41,2026-02-28,Paid
TXN-5602BF13,INV-40CE0CED,352.41,2026-03-23,Failed
TXN-21777E5E,INV-40CE0CED,352.41,2026-03-27,Paid
TXN-7C3F01A3,INV-AC34A58A,352.41,2026-04-23,Paid
TXN-C4392FFE,INV-5014598B,352.41,2026-05-28,Paid
TXN-8D3C00FB,INV-E4570B0E,352.41,2026-06-24,Paid
TXN-DDAEE1F7,INV-C078C22E,352.41,2026-07-20,Paid
TXN-6D114093,INV-74DF2C29,352.41,2026-08-26,Paid
TXN-A2C3B65F,INV-AB59D1E0,352.41,2026-09-23,Paid
TXN-1B92F06A,INV-83883285,739.77,2022-05-29,Paid
TXN-7A32F874,INV-8D174B11,739.77,2022-08-20,Paid
TXN-85A071C2,INV-7A0622A8,739.77,2022-11-20,Paid
TXN-407FA7A3,INV-2C6E7BB8,739.77,2023-02-20,Paid
TXN-978B1E6D,INV-EF8F45E9,739.77,2023-05-20,Paid
TXN-DB55EEAE,INV-F8ADFAAB,539.54,2024-11-23,Paid
TXN-EC826E20,INV-4EE6CC9F,539.54,2025-02-20,Paid
TXN-B97F2449,INV-F75FDD7A,539.54,2025-05-27,Paid
TXN-A6B96D80,INV-78BF7A9C,539.54,2025-08-17,Paid
TXN-4CB9D200,INV-C984546A,539.54,2025-11-21,Paid
TXN-1CD3FB1A,INV-BFBF9111,673.61,2023-03-17,Paid
TXN-849E7B1B,INV-D052FA81,673.61,2023-04-18,Paid
TXN-81889B1E,INV-688DFA10,673.61,2023-05-22,Paid
TXN-8EDC4BF3,INV-0206A1D9,673.61,2023-06-15,Paid
TXN-AC745938,INV-08875DA8,673.61,2023-07-18,Paid
TXN-C85E8E96,INV-F25F5C65,673.61,2023-08-24,Failed
TXN-A0595BFD,INV-4BB41CA1,673.61,2023-09-17,Paid
TXN-869DCCC2,INV-0144A4CA,673.61,2023-10-15,Paid
TXN-DE139844,INV-214CAC2D,673.61,2023-12-11,Paid
TXN-E1D4AC99,INV-A30DD817,673.61,2024-02-17,Paid Late
TXN-B6C48278,INV-B240B0B9,673.61,2024-02-11,Failed
TXN-DEB64F36,INV-B240B0B9,673.61,2024-02-20,Paid
TXN-C7D26EF9,INV-B913AF12,673.61,2024-03-18,Failed
TXN-48DE8C6D,INV-D17A061A,1583.61,2026-01-29,Paid
TXN-5D4080F0,INV-1ED6F7EF,1583.61,2026-07-23,Paid
TXN-355EA1FA,INV-3BDBCBA4,1322.6,2023-05-14,Paid
TXN-7677A898,INV-935F72AE,1322.6,2023-08-15,Paid
TXN-02276C98,INV-80C2E3EC,1322.6,2023-11-16,Paid
TXN-2905CED3,INV-8BAF2BE5,1322.6,2024-02-09,Paid
TXN-91D797C3,INV-8D7DDA21,1322.6,2024-05-12,Paid
TXN-54D8434B,INV-B7E1C8D5,1545.04,2024-07-15,Paid Late
TXN-77CE4B00,INV-FD37A335,1545.04,2024-05-15,Paid
TXN-C032868B,INV-50FEE7E8,1545.04,2024-06-20,Paid
TXN-22541A7F,INV-EE5C0083,1545.04,2024-07-14,Paid
TXN-CD720DBC,INV-CFB0ACD3,1545.04,2024-10-07,Paid Late
TXN-DDBCD6A0,INV-483AD0A4,1545.04,2024-09-12,Paid
TXN-CC295528,INV-C4321297,1545.04,2024-10-18,Paid
TXN-3EE93C5C,INV-E8D775AE,1545.04,2024-11-19,Paid
TXN-DE64FDAF,INV-DB4CBC88,1545.04,2024-12-16,Paid
TXN-9F644CC6,INV-234EFB15,1545.04,2025-01-15,Paid
TXN-2CD642E5,INV-322D9DCE,1545.04,2025-02-10,Paid
TXN-A1D66975,INV-BF3AF05C,1545.04,2025-03-12,Paid
TXN-E93580DA,INV-CB4525A9,1545.04,2025-04-16,Paid
TXN-8BA83E90,INV-A8E773D4,584.59,2025-09-12,Failed
TXN-6F90A8D5,INV-2A396077,584.59,2026-03-01,Paid Late
TXN-10EB1FA1,INV-48CFEB0F,584.59,2026-03-17,Paid
TXN-352CC7D9,INV-B8646FE0,584.59,2026-06-16,Failed
TXN-B4EA9D83,INV-B8646FE0,584.59,2026-06-23,Paid
TXN-BFBA1480,INV-D8075431,584.59,2026-09-13,Paid
TXN-DF39559A,INV-6A503811,1145.9,2024-04-30,Paid
TXN-30D55C5B,INV-81BA93EE,1145.9,2024-10-31,Failed
TXN-20F5FD29,INV-2AF6A49E,1177.2,2022-04-28,Paid
TXN-58B178AA,INV-353E7012,1630.08,2022-08-21,Paid
TXN-47E0EB5D,INV-832B6755,1630.08,2022-09-17,Paid
TXN-0AC4D00D,INV-49A49C92,1630.08,2022-12-27,Paid Late
TXN-3B2EF063,INV-B410E0DE,1630.08,2022-11-15,Paid
TXN-C4A095C3,INV-9AE7E7BC,1630.08,2022-12-16,Paid
TXN-A37CE4E2,INV-88752606,1630.08,2023-01-10,Paid
TXN-3E5F8282,INV-858FB85D,1630.08,2023-02-13,Paid
TXN-59227F6D,INV-5D954B18,1630.08,2023-03-18,Paid
TXN-8288D0C8,INV-3512676D,1630.08,2023-04-19,Paid
TXN-DAD7E39D,INV-93A0B4CE,1630.08,2023-06-10,Failed
TXN-475DC818,INV-93A0B4CE,1630.08,2023-06-16,Paid
TXN-E53F427F,INV-810E17CD,1630.08,2023-07-09,Paid
TXN-6A196C0F,INV-E3D18457,1630.08,2023-08-11,Paid
TXN-2916885D,INV-0E8A2E99,1418.7,2023-02-01,Paid
TXN-9FF0FC72,INV-C4946B54,1418.7,2023-04-28,Paid
TXN-65B88C8F,INV-DA402CDD,1418.7,2023-08-03,Paid
TXN-91FB0546,INV-BA6DB14B,1418.7,2023-10-28,Paid
TXN-F0F5E79F,INV-A4F41BFD,1418.7,2024-02-20,Paid Late
TXN-C70BD1C2,INV-D53BAABE,1147.93,2024-05-20,Failed
TXN-48B8EB21,INV-0685D7B5,1147.93,2024-08-22,Failed
TXN-E3470A69,INV-1FD90568,247.12,2022-06-12,Failed
TXN-896D194B,INV-7ED6733E,247.12,2022-12-02,Paid
TXN-A908A6B3,INV-B16E3475,247.12,2023-06-03,Paid
TXN-1DC1162B,INV-C308D3F3,1339.66,2022-04-15,Paid
TXN-CBA5FD96,INV-F52E89CA,1339.66,2022-10-12,Paid
TXN-B138C510,INV-C3FCA0F3,1339.66,2023-04-19,Paid
TXN-F2243588,INV-C79F8D1A,1432.8,2022-07-14,Paid
TXN-6D84C256,INV-21A8BC9B,1432.8,2022-08-13,Paid
TXN-CF6D84FF,INV-5EDD1539,1432.8,2022-12-06,Paid Late
TXN-36CF5EF2,INV-4A548C0F,1432.8,2022-10-10,Paid
TXN-00C6CFA2,INV-EABCBC11,1432.8,2022-11-18,Paid
TXN-FFC67FD9,INV-91445F8B,1432.8,2022-12-11,Paid
TXN-0FF3F6B3,INV-3E95CB68,1432.8,2023-01-16,Paid
TXN-4A120479,INV-73990954,1432.8,2023-02-08,Paid
TXN-828D3E8A,INV-9BB782ED,1432.8,2023-03-15,Paid
TXN-76206E3C,INV-A7B6CDA8,1432.8,2023-04-13,Paid
TXN-4B1B4D95,INV-9BBE8D00,1432.8,2023-05-10,Paid
TXN-25C9FAC2,INV-B5F96B91,1432.8,2023-06-18,Failed
TXN-5DDEF19D,INV-B4D5F2DD,1432.8,2023-07-14,Paid
TXN-8172F11A,INV-31F22F08,103.94,2024-04-15,Failed
TXN-120E96E2,INV-4F4E93B2,103.94,2024-05-27,Failed
TXN-0FCB2939,INV-AE38B473,103.94,2024-10-28,Paid Late
TXN-6E7A2256,INV-8978B262,103.94,2024-09-21,Failed
TXN-5FD56FB6,INV-E0E9B687,103.94,2025-01-31,Paid Late
TXN-D83F7138,INV-F4C5E204,103.94,2024-11-18,Paid
TXN-04B4A860,INV-DB85EF34,103.94,2024-12-21,Failed
TXN-CA8A4613,INV-A8927223,103.94,2025-01-17,Paid
TXN-027EB5E2,INV-CF9C84D0,103.94,2025-02-19,Failed
TXN-3C7C6CCE,INV-08E0E797,103.94,2025-03-18,Failed
TXN-4ED190AD,INV-4244EBFF,320.42,2022-05-07,Paid
TXN-AF2E96D1,INV-EA3C5755,320.42,2022-08-03,Paid
TXN-20FF93CB,INV-113E4833,320.42,2022-11-03,Paid
TXN-C7575634,INV-85792C78,320.42,2023-01-28,Paid
TXN-3E18AE4D,INV-73B40821,320.42,2023-05-02,Paid
TXN-B997DFD2,INV-AEEFFB5D,1277.95,2022-01-10,Paid
TXN-856845D0,INV-AB09F1B0,1277.95,2022-04-07,Paid
TXN-958F8073,INV-77914810,1277.95,2022-07-06,Paid
TXN-927F5D60,INV-928B3DB7,1277.95,2022-10-03,Paid
TXN-93349011,INV-8B68BDFE,1277.95,2023-01-07,Paid
TXN-215352C5,INV-8D434286,136.27,2023-11-05,Paid Late
TXN-C0B20360,INV-93B88D02,136.27,2024-02-11,Paid
TXN-9D8DF6A8,INV-962B4D75,136.27,2024-08-09,Paid
TXN-6D5EC943,INV-BD9F5074,1767.2,2026-02-13,Paid
TXN-1F0F3C16,INV-012E32AF,1767.2,2026-08-14,Paid
TXN-D046AA1D,INV-35512BF2,554.52,2022-11-18,Paid
TXN-800833A8,INV-CDD24658,554.52,2023-02-14,Paid
TXN-C8380D64,INV-B52E1E4B,554.52,2023-05-14,Paid
TXN-441680B2,INV-F8910590,554.52,2023-08-17,Paid
TXN-9A978F7A,INV-D4695D6C,554.52,2023-11-11,Paid
TXN-D4598719,INV-C3C1BAF0,1780.77,2023-03-25,Paid
TXN-FBF6DD2E,INV-E3307607,1780.77,2023-09-21,Paid
TXN-6727E9E1,INV-851460D2,1780.77,2024-03-25,Paid
TXN-E762E673,INV-0FD2A7E6,1478.45,2026-05-21,Failed
TXN-65581FBE,INV-5EC30DC4,1478.45,2026-07-21,Failed
TXN-773BF2C2,INV-7D4AA34A,269.07,2024-10-29,Failed
TXN-7EF8A492,INV-7D4AA34A,269.07,2024-11-06,Paid
TXN-5FA00540,INV-3B4AFE1F,269.07,2025-04-28,Paid
TXN-7559AB9A,INV-1BFB543A,269.07,2025-10-30,Paid
TXN-1ECCDAF9,INV-97FFDB6B,379.7,2023-03-13,Paid Late
TXN-6843D5CF,INV-CBC692D4,379.7,2023-05-23,Paid
TXN-7D0CFB40,INV-46D4B1AB,379.7,2023-11-16,Paid
TXN-422505C3,INV-F0E643FA,851.03,2023-01-26,Paid
TXN-21487ED8,INV-445A6CFC,851.03,2023-02-23,Failed
TXN-AABF3794,INV-445A6CFC,851.03,2023-03-03,Paid
TXN-01D03855,INV-DD914777,851.03,2023-03-19,Paid
TXN-3036A09C,INV-9665D7BB,851.03,2023-04-27,Failed
TXN-297C3CA9,INV-38B3AB68,1186.55,2024-04-10,Paid
TXN-0E08FC48,INV-81CC9327,1186.55,2024-10-08,Paid
TXN-3A676C80,INV-1A7F43B0,1305.33,2025-04-02,Paid
TXN-3393CFA7,INV-FF5C3482,1305.33,2025-05-07,Paid
TXN-5E6797B1,INV-551548C9,1305.33,2025-06-04,Paid
TXN-A3420E6F,INV-D618C7B1,1305.33,2025-07-08,Paid
TXN-9CA1664A,INV-CECD6A20,1305.33,2025-08-04,Paid
TXN-54B91CEB,INV-9FFF9F1D,1305.33,2025-09-03,Failed
TXN-2B45840B,INV-9FFF9F1D,1305.33,2025-09-06,Paid
TXN-CFAFB86A,INV-20A03A74,1305.33,2025-10-05,Paid
TXN-5088F8BC,INV-FC3613E2,1305.33,2025-11-01,Paid
TXN-48BB3B6A,INV-68590E64,1305.33,2026-03-01,Paid Late
TXN-F598A7CA,INV-0B41A5C2,1305.33,2026-04-17,Paid Late
TXN-1DFD1AAB,INV-08AD4897,1305.33,2026-01-31,Paid
TXN-F822E170,INV-629C11F9,1305.33,2026-03-03,Failed
TXN-1863D3AA,INV-49E6B4B5,1305.33,2026-05-13,Paid Late
TXN-6F36A3E6,INV-D715F8C0,791.76,2024-05-15,Paid
TXN-B5945A67,INV-DB297100,791.76,2024-11-13,Failed
TXN-0A33236D,INV-5B971C94,1720.18,2025-10-07,Paid
TXN-3EA47691,INV-CFB55E4A,1720.18,2026-01-03,Paid
TXN-BE3C79FB,INV-7BF25206,1720.18,2026-04-02,Paid
TXN-D631F732,INV-32D2CB16,1720.18,2026-07-09,Paid
TXN-7BBC9FDF,INV-0C79AA43,1476.24,2023-07-09,Failed
TXN-FC884147,INV-95FA3681,1476.24,2023-08-05,Paid
TXN-D704050C,INV-22B262AD,1476.24,2023-08-30,Paid
TXN-F7ACED5C,INV-29A2B1E4,1476.24,2023-10-29,Failed
TXN-67366997,INV-29A2B1E4,1476.24,2023-11-02,Paid
TXN-DB052726,INV-8225E6BF,1476.24,2023-12-28,Paid
TXN-0F8E0408,INV-0C887AF9,1476.24,2024-01-29,Failed
TXN-89DDB799,INV-0C887AF9,1476.24,2024-02-02,Paid
TXN-0005A9A9,INV-E06C1510,1476.24,2024-03-03,Paid
TXN-7790BC35,INV-8F2F424B,1476.24,2024-03-30,Paid
TXN-6057661A,INV-D64645D8,1476.24,2024-05-02,Failed
TXN-9BD79C1A,INV-D64645D8,1476.24,2024-05-05,Paid
TXN-1EFB2F02,INV-0FCA5795,1476.24,2024-06-02,Failed
TXN-4E73FD68,INV-F4144969,1476.24,2024-06-24,Failed
TXN-86BF27FE,INV-F4144969,1476.24,2024-06-29,Paid
TXN-FF2A1796,INV-5B006872,1067.45,2024-08-04,Failed
TXN-6633BA2B,INV-53D1D106,1067.45,2024-10-25,Failed
TXN-137602DC,INV-F3826B44,1067.45,2025-03-03,Failed
TXN-F56E0491,INV-744410E8,1054.07,2022-01-25,Paid
TXN-4F3069B0,INV-F3ADD30E,1054.07,2022-07-29,Failed
TXN-677A9493,INV-17312396,237.82,2022-08-01,Paid Late
TXN-F3906CCD,INV-CD3B6DA8,237.82,2022-07-06,Paid
TXN-176BA31E,INV-13F9FE06,237.82,2022-09-30,Paid Late
TXN-A6B562E8,INV-0C91BE88,237.82,2022-12-27,Paid Late
TXN-8EEEDE6D,INV-536AA5E2,237.82,2022-10-04,Paid
TXN-E4C051AD,INV-9646254E,237.82,2022-11-02,Paid
TXN-24082FF2,INV-919C2ACD,237.82,2022-12-05,Paid
TXN-2FF4A099,INV-F1BE17EC,237.82,2023-01-07,Failed
TXN-00A76F90,INV-F1BE17EC,237.82,2023-01-13,Paid
TXN-06807834,INV-126C13A0,237.82,2023-02-03,Paid
TXN-ADF1EB6C,INV-D13AC2F5,237.82,2023-03-03,Failed
TXN-4FDDE44D,INV-D13AC2F5,237.82,2023-03-12,Paid
TXN-BFBA5035,INV-3417F0B9,237.82,2023-06-28,Paid Late
TXN-6035ABD8,INV-F329585E,237.82,2023-04-30,Paid
TXN-F1AADECC,INV-78CF70C3,237.82,2023-06-02,Failed
TXN-659252F8,INV-518FB85F,1247.0,2022-12-31,Failed
TXN-302988C9,INV-518FB85F,1247.0,2023-01-09,Paid
TXN-9B097874,INV-9AD9FCE5,1247.0,2023-03-26,Paid Late
TXN-223D5F23,INV-08972619,1247.0,2023-03-08,Failed
TXN-FDBE29A8,INV-08972619,1247.0,2023-03-14,Paid
TXN-8DD025D4,INV-F70F6479,1247.0,2023-04-28,Failed
TXN-F686C6AF,INV-2E08776D,1247.0,2023-06-11,Failed
TXN-F5E60D98,INV-5AED9255,733.96,2024-02-02,Paid
TXN-16399AC3,INV-0CC68864,762.96,2025-08-09,Paid Late
TXN-26868BE7,INV-8D7A137C,762.96,2026-01-10,Paid Late
TXN-2EA568EE,INV-EBF324A4,762.96,2026-06-11,Paid
TXN-DE259F73,INV-92BF7124,818.37,2024-12-27,Paid
TXN-60CEC489,INV-0428D9C1,818.37,2025-07-29,Paid Late
TXN-449D28CA,INV-85DBEDC4,818.37,2025-12-19,Paid
TXN-91A218B7,INV-21C7978D,375.62,2025-12-12,Paid Late
TXN-4894545F,INV-CA9F8056,375.62,2025-10-21,Paid
TXN-E475DC25,INV-FA63F2EE,375.62,2025-11-22,Paid
TXN-F61ABD93,INV-79673008,375.62,2026-01-01,Failed
TXN-4EF787A6,INV-3A3AD388,375.62,2026-01-29,Failed
TXN-BB714A21,INV-3A3AD388,375.62,2026-02-04,Paid
TXN-630145B8,INV-79DE7A03,375.62,2026-02-24,Paid
TXN-92F2A26A,INV-6DD70A17,375.62,2026-03-20,Paid
TXN-BC7B0CCE,INV-F2F722D6,375.62,2026-04-21,Paid
TXN-B3776606,INV-6AF7C6D7,375.62,2026-09-05,Paid Late
TXN-575ED569,INV-817020AD,375.62,2026-06-21,Failed
TXN-97C8407C,INV-817020AD,375.62,2026-06-28,Paid
TXN-57D8C39A,INV-AD119B21,375.62,2026-10-08,Paid Late
TXN-B5641221,INV-D986D96F,375.62,2026-11-28,Paid Late
TXN-D5DFA897,INV-943E0083,375.62,2026-09-29,Failed
TXN-57B24D02,INV-943E0083,375.62,2026-10-06,Paid
TXN-1F9A1CF0,INV-CC853BEE,256.82,2023-07-01,Paid
TXN-9ABA5ED0,INV-C2930285,256.82,2023-11-20,Paid Late
TXN-749F9D79,INV-8DFE28BB,256.82,2023-12-12,Paid Late
TXN-00ACC82B,INV-8FF1C1F5,256.82,2023-10-03,Paid
TXN-85924D60,INV-4C9B43C2,256.82,2024-01-01,Failed
TXN-AA402808,INV-407CACF0,256.82,2024-05-01,Paid Late
TXN-E3A7755C,INV-B748FA9F,256.82,2024-05-07,Paid Late
TXN-ED897962,INV-B83FAD0C,256.82,2024-03-27,Paid
TXN-FC608C37,INV-2274F79C,256.82,2024-07-18,Paid Late
TXN-5D9A9C9F,INV-AB226665,256.82,2024-05-26,Paid
TXN-D60806EB,INV-6019F964,256.82,2024-06-29,Paid
TXN-B94EB561,INV-27FD365C,874.2,2023-07-13,Paid
TXN-7B37A58A,INV-59C98A1E,874.2,2024-01-18,Paid
TXN-2C6E32A5,INV-A592FB55,874.2,2024-07-12,Paid
TXN-5EC12C0E,INV-6EA70ADF,1137.81,2026-01-10,Paid
TXN-E5670604,INV-33770160,1137.81,2026-02-13,Paid
TXN-4636CE8C,INV-A8D5B20B,1137.81,2026-03-17,Paid
TXN-A3DBD8BE,INV-AB521500,1137.81,2026-04-10,Paid
TXN-E1D5872C,INV-529627ED,1137.81,2026-05-19,Paid
TXN-400CAF02,INV-8C0789E0,1137.81,2026-06-14,Paid
TXN-7A8F41CE,INV-FCC3DAE9,1137.81,2026-07-12,Paid
TXN-401F673A,INV-4E8274A8,1137.81,2026-08-15,Paid
TXN-302D9F86,INV-1883B2CE,1137.81,2026-10-28,Paid Late
TXN-598F7205,INV-88195A2C,947.82,2024-11-06,Paid
TXN-9F42A415,INV-4627BF31,947.82,2025-02-08,Paid
TXN-47F8F4D4,INV-840CD3E2,947.82,2025-05-02,Paid
TXN-BD1BBEAA,INV-DD91944B,947.82,2025-08-03,Paid
TXN-7C7B3B34,INV-3A8AA84E,947.82,2025-11-05,Paid
TXN-9E576413,INV-701C78E9,783.08,2022-04-18,Paid
TXN-38A90E9F,INV-4138FA22,783.08,2023-02-08,Paid Late
TXN-76AA9BCD,INV-BD1E59CA,783.08,2023-04-12,Paid
TXN-8A544779,INV-A21917DC,647.07,2023-07-25,Paid
TXN-89BC8D76,INV-F8D283FC,647.07,2023-08-25,Paid
TXN-E7484D71,INV-8BD497BE,647.07,2023-09-25,Paid
TXN-F184CF7A,INV-F270F78C,647.07,2023-10-29,Paid
TXN-6923D917,INV-152FBEBE,647.07,2023-11-20,Paid
TXN-49531692,INV-6D672EF3,647.07,2023-12-28,Paid
TXN-313BFB7C,INV-6C4DA512,647.07,2024-01-27,Paid
TXN-CC15E280,INV-AD882BDA,647.07,2024-02-20,Paid
TXN-FA717018,INV-43F126A0,647.07,2024-03-24,Paid
TXN-64C4034C,INV-25167A9D,647.07,2024-04-23,Paid
TXN-959166CD,INV-A1DFC883,647.07,2024-05-19,Paid
TXN-B5BA4BDC,INV-828E1A59,647.07,2024-06-19,Paid
TXN-8A8F63C6,INV-41D45D04,647.07,2024-07-25,Paid
TXN-386FEDDB,INV-5810FF85,1795.12,2023-11-23,Paid
TXN-C3CEE4FF,INV-E7D08DC0,1795.12,2023-12-18,Paid
TXN-91AABC47,INV-B06AFF7E,1795.12,2024-01-22,Paid
TXN-999F04CA,INV-60911167,1795.12,2024-02-16,Paid
TXN-97BF0F93,INV-924C3BD4,1795.12,2024-03-15,Paid
TXN-F52D8161,INV-2D83DC20,1795.12,2024-04-18,Paid
TXN-289FF9ED,INV-A7D7FD42,1795.12,2024-05-16,Paid
TXN-FE328458,INV-6531E1F2,1795.12,2024-06-15,Paid
TXN-0BCCCD0F,INV-FFB9DC97,1795.12,2024-07-14,Paid
TXN-CD76C9AB,INV-89F44328,1795.12,2024-08-18,Paid
TXN-C550D62C,INV-55FF2B50,1795.12,2024-09-17,Paid
TXN-5C489CB8,INV-6D012002,1795.12,2024-10-18,Paid
TXN-FE7BC9EC,INV-8A0DFB17,1795.12,2024-11-10,Paid
TXN-6FB69212,INV-7530B1A9,305.4,2022-12-03,Paid
TXN-D69392B7,INV-1E7FB241,305.4,2023-06-24,Paid Late
TXN-76EB60B9,INV-A5C88F50,305.4,2023-06-04,Paid
TXN-3FE5F12D,INV-418F51EE,305.4,2023-08-25,Paid
TXN-3417A365,INV-82DE2B7E,305.4,2023-11-26,Paid
TXN-202F1631,INV-1EEEB02C,1317.69,2025-02-09,Paid
TXN-2475AC2B,INV-D594E853,1317.69,2025-05-06,Paid
TXN-82F2D1D1,INV-C437CDA1,1317.69,2025-08-12,Paid
TXN-9633D74A,INV-42A635FE,1317.69,2025-11-02,Paid
TXN-192CA401,INV-D0D372B7,1317.69,2026-02-03,Paid
TXN-1D978541,INV-521110FD,1634.84,2022-12-01,Paid Late
TXN-3D3B9F67,INV-9BA7B3A6,1634.84,2023-02-24,Paid
TXN-D56777FB,INV-006A1A93,1634.84,2023-08-20,Paid
TXN-16D549F5,INV-45CDFDA0,1418.37,2025-01-25,Paid
TXN-57E2C566,INV-93A7F77D,1418.37,2025-04-30,Paid
TXN-3B351B42,INV-5A9F198D,1418.37,2025-07-25,Paid
TXN-0EE14259,INV-7D80C315,1418.37,2025-10-26,Paid
TXN-324B2F5A,INV-FE13B6A8,1418.37,2026-01-21,Paid
TXN-B797D41F,INV-62A04923,1033.81,2024-09-02,Paid Late
TXN-67C3D7C6,INV-7A84BD9F,1033.81,2024-06-30,Paid
TXN-56991C32,INV-CB6B5B5E,1033.81,2024-09-03,Paid Late
TXN-C7E38891,INV-5AE80FC8,1033.81,2024-08-29,Paid
TXN-C877C7C5,INV-8760A767,1033.81,2024-10-02,Paid
TXN-D8D2CD60,INV-83D8584D,1033.81,2024-11-06,Failed
TXN-B57AE11B,INV-83D8584D,1033.81,2024-11-09,Paid
TXN-BE847583,INV-254C8342,1033.81,2025-02-15,Paid Late
TXN-EDAC6097,INV-13D00E05,1033.81,2024-12-27,Failed
TXN-6780AE6C,INV-3B3995BB,1033.81,2025-02-01,Paid
TXN-4C811DD5,INV-2E4E0AB9,1033.81,2025-03-01,Paid
TXN-8A4EF044,INV-2FF39549,1033.81,2025-03-29,Paid
TXN-639B1C41,INV-C79DB56C,1033.81,2025-04-26,Paid
TXN-1C3FFCE0,INV-37DE579C,1033.81,2025-05-27,Paid
TXN-C383B659,INV-615CF023,1197.93,2024-01-22,Paid
TXN-5337BE4F,INV-5179C2DC,1197.93,2024-02-19,Paid
TXN-8C34D958,INV-695ABF13,1197.93,2024-03-19,Paid
TXN-9DD64EB1,INV-E13337B3,1197.93,2024-04-26,Paid
TXN-05430307,INV-22E3F6B2,1197.93,2024-05-18,Paid
TXN-2581F97C,INV-DBE35AF1,1197.93,2024-06-23,Paid
TXN-C716E641,INV-98E576EF,1197.93,2024-07-19,Paid
TXN-26711E47,INV-4AE0CCA8,1197.93,2024-08-23,Paid
TXN-6943AD7E,INV-0057A273,1197.93,2024-09-19,Failed
TXN-1301D7DD,INV-0057A273,1197.93,2024-09-26,Paid
TXN-AB91B04B,INV-318555EE,1197.93,2024-10-22,Paid
TXN-2B1694FC,INV-54CD1714,1197.93,2024-11-16,Paid
TXN-0A67515F,INV-65FAFCB5,1197.93,2024-12-20,Paid
TXN-05584A57,INV-D23E11FC,1197.93,2025-01-12,Paid
TXN-711BA257,INV-4E51D2E4,866.24,2024-01-05,Paid
TXN-AC7523E3,INV-D2E62886,866.24,2024-08-27,Paid Late
TXN-9EA29FBB,INV-EEDEACFB,866.24,2025-01-05,Paid
TXN-C1777BA8,INV-46C9F95F,496.13,2025-09-29,Paid
TXN-721FAF62,INV-249964C5,496.13,2025-12-28,Paid
TXN-5430A4B0,INV-FF4A6A6F,496.13,2026-03-28,Paid
TXN-EAC7DCB2,INV-17E50A96,496.13,2026-10-13,Paid Late
TXN-B184B3ED,INV-15C5B6BE,227.26,2025-06-30,Paid
TXN-8893153E,INV-95201D55,227.26,2025-07-26,Paid
TXN-D989E1F7,INV-4DFBE5AF,227.26,2025-08-27,Paid
TXN-B1C24A6A,INV-849975D7,227.26,2025-09-28,Paid
TXN-430A297E,INV-1774FD61,227.26,2025-10-29,Paid
TXN-E27E96B7,INV-61C1AE92,227.26,2025-11-24,Paid
TXN-48F551A4,INV-76B38BC2,227.26,2025-12-23,Paid
TXN-07A54D4B,INV-BE530635,227.26,2026-01-24,Paid
TXN-B13FCCD5,INV-25A6D5B4,227.26,2026-02-23,Paid
TXN-43885099,INV-ABA8277A,227.26,2026-03-30,Paid
TXN-AFC55B5D,INV-E0200E69,227.26,2026-07-29,Paid Late
TXN-D781DF31,INV-16E1D8B0,227.26,2026-05-23,Paid
TXN-2048603A,INV-E240630A,227.26,2026-06-26,Paid
TXN-C26CCC1A,INV-F3CCCEEB,662.3,2023-05-07,Paid
TXN-A80368EF,INV-370BFA7D,662.3,2023-06-07,Paid
TXN-32C7CCEB,INV-7C2D48D3,662.3,2023-07-06,Paid
TXN-6644A849,INV-89E41CB6,662.3,2023-08-06,Paid
TXN-C3903F24,INV-5A66435A,662.3,2023-08-31,Paid
TXN-33B32BFE,INV-CA0A6F09,662.3,2023-09-28,Paid
TXN-F3D6CF22,INV-B71D8E81,662.3,2023-11-10,Failed
TXN-2DE77001,INV-B71D8E81,662.3,2023-11-19,Paid
TXN-E5B375AC,INV-C65E5970,662.3,2024-02-10,Paid Late
TXN-F7DE57A7,INV-2082AEC1,662.3,2024-01-03,Paid
TXN-194E0164,INV-06E25047,662.3,2024-02-01,Paid
TXN-3B574C1D,INV-254DF325,662.3,2024-03-05,Paid
TXN-70F735AA,INV-0DBC1FE4,662.3,2024-03-28,Paid
TXN-16072424,INV-DF688E19,662.3,2024-05-02,Paid
TXN-83AAB492,INV-DA2273AD,1569.17,2024-05-01,Paid
TXN-2469B444,INV-BAD64C03,1569.17,2024-05-26,Paid
TXN-245A269C,INV-9FE0AE0A,1569.17,2024-06-29,Paid
TXN-AA5A83E9,INV-94DC4329,1569.17,2024-08-01,Paid
TXN-6AA0F698,INV-A4C5128A,1569.17,2024-09-01,Paid
TXN-0EB96FFE,INV-FDF352A7,1569.17,2024-09-25,Paid
TXN-FED71A54,INV-DD729A12,1569.17,2024-11-01,Failed
TXN-E33D7B67,INV-4C223785,1569.17,2024-11-30,Paid
TXN-7CAB8528,INV-096FDA90,1569.17,2024-12-24,Paid
TXN-0140C0D5,INV-08A0A16E,1569.17,2025-01-26,Paid
TXN-A40DBE16,INV-8ACE7BB2,1569.17,2025-02-27,Paid
TXN-13C8CB0D,INV-FC962885,1569.17,2025-03-30,Paid
TXN-C8F46DC8,INV-3CC6ECE8,1569.17,2025-04-22,Paid
TXN-40DDB0B4,INV-3723910D,846.98,2024-05-01,Failed
TXN-A486C983,INV-E971C21C,846.98,2024-06-30,Paid
TXN-FBC71517,INV-A4A983DD,846.98,2024-07-28,Failed
TXN-4E7C73A6,INV-EEF1FCD7,846.98,2024-08-25,Paid
TXN-51DEDB62,INV-B76318D5,846.98,2024-11-03,Failed
TXN-FBCCD5F7,INV-6F335F8F,846.98,2024-12-02,Failed
TXN-D989F9EB,INV-1D9ED561,1457.89,2025-12-15,Paid
TXN-D371C5E2,INV-6FF2E8CA,1457.89,2026-01-08,Failed
TXN-E69CC897,INV-D2DFD741,1457.89,2026-03-14,Paid
TXN-21B2DCAF,INV-862D0AD5,485.91,2023-04-10,Paid
TXN-F26F8BA1,INV-2104D564,485.91,2023-07-02,Paid
TXN-71BB4535,INV-0938B466,485.91,2023-10-08,Failed
TXN-C1A624FB,INV-6F82E001,485.91,2024-01-05,Failed
TXN-015C8D60,INV-6F82E001,485.91,2024-01-15,Paid
TXN-7A6D9501,INV-6271C06E,1067.15,2023-12-19,Paid
TXN-4D881269,INV-3B0A3D69,1067.15,2024-01-31,Failed
TXN-DE011521,INV-3B0A3D69,1067.15,2024-02-10,Paid
TXN-6EB7078B,INV-BE1A503F,1067.15,2024-03-29,Paid Late
TXN-4982285E,INV-AA35E75E,1067.15,2024-04-20,Paid Late
TXN-A4AF1810,INV-AA7A8ED9,1067.15,2024-04-20,Paid
TXN-7E86A985,INV-D7F5BE4C,1067.15,2024-05-22,Paid
TXN-91DCD355,INV-240E9A4D,1067.15,2024-06-28,Failed
TXN-74842A6D,INV-240E9A4D,1067.15,2024-07-06,Paid
TXN-1C841342,INV-7802BDF5,1067.15,2024-08-16,Paid Late
TXN-7B13D116,INV-A9302A27,1067.15,2024-08-22,Failed
TXN-D5FE782F,INV-A9302A27,1067.15,2024-08-31,Paid
TXN-8F28FA5A,INV-9B7460A4,1067.15,2024-09-23,Paid
TXN-FD73640C,INV-C4241D73,1067.15,2024-10-15,Paid
TXN-FBA0A156,INV-05878CBD,1067.15,2024-12-20,Paid
TXN-369F7B1B,INV-91E52E18,845.59,2022-02-22,Failed
TXN-C5185020,INV-8F255927,845.59,2022-03-27,Paid
TXN-466C4C16,INV-5D8BBE7D,845.59,2022-04-29,Paid
TXN-519CA826,INV-A1254AAD,845.59,2022-05-27,Paid
TXN-ED9D50E1,INV-1C831C7D,845.59,2022-06-28,Paid
TXN-41D897E0,INV-4F5A5102,845.59,2022-08-25,Paid
TXN-260AAAD0,INV-BBF63CAD,845.59,2022-09-17,Paid
TXN-2D684917,INV-12D5E927,845.59,2022-11-29,Paid Late
TXN-FDE7EFD9,INV-773BA4F8,845.59,2022-11-23,Failed
TXN-12BE1EDD,INV-A795A89F,845.59,2022-12-30,Failed
TXN-2D943F95,INV-A795A89F,845.59,2023-01-04,Paid
TXN-5DE2508C,INV-68220A38,845.59,2023-04-19,Paid Late
TXN-4776C4B6,INV-910EEDF6,845.59,2023-02-23,Paid
TXN-B0372912,INV-91CFCC9A,1462.3,2023-11-10,Paid
TXN-D87C064D,INV-48AF71D2,1462.3,2023-12-11,Paid
TXN-FB283DC1,INV-980BD738,1462.3,2024-01-13,Paid
TXN-F8E3A88C,INV-93961FD7,1462.3,2024-05-27,Paid Late
TXN-99D7B04B,INV-DDD25AB0,1462.3,2024-03-10,Paid
TXN-4D220F47,INV-4683D32D,1462.3,2024-05-12,Paid Late
TXN-6033A3F2,INV-4C0885BD,1462.3,2024-05-05,Paid
TXN-33136FC7,INV-A9ACCE4A,1462.3,2024-06-11,Paid
TXN-EDFD4C2C,INV-F9540660,1462.3,2024-07-10,Paid
TXN-1DAA84E2,INV-89411D19,1462.3,2024-08-09,Paid
TXN-AD9A54F0,INV-247E3E1A,1462.3,2024-09-08,Paid
TXN-245F0E49,INV-E3EDFE3E,1462.3,2024-10-03,Paid
TXN-3DFFC650,INV-0A04F36D,1462.3,2024-11-03,Paid
TXN-BFDEDC1B,INV-916760EA,1509.99,2023-07-29,Paid
TXN-4B6EA84A,INV-470AA602,1509.99,2024-02-02,Failed
TXN-E81413C1,INV-E831AEF3,1509.99,2024-07-29,Paid
TXN-4049EC1B,INV-0D73D3BC,675.16,2026-01-02,Paid Late
TXN-FD02676C,INV-5347A147,675.16,2026-07-15,Paid Late
TXN-D586885B,INV-DA64B415,417.64,2023-11-18,Paid
TXN-CFBF4DAA,INV-D36A5E8D,417.64,2024-03-01,Paid Late
TXN-4A5D679D,INV-C9205490,417.64,2024-03-01,Paid Late
TXN-3842D55B,INV-74A4CBCB,417.64,2024-04-05,Paid Late
TXN-12402CA6,INV-70D1B8FA,417.64,2024-03-16,Paid
TXN-AB179E81,INV-D0288997,417.64,2024-04-17,Failed
TXN-610AFF84,INV-D0288997,417.64,2024-04-26,Paid
TXN-9AC0E5B0,INV-8FE58AA7,417.64,2024-05-09,Paid
TXN-DECCA68E,INV-44B31D01,417.64,2024-06-10,Paid
TXN-E8545752,INV-5111006B,417.64,2024-11-09,Paid Late
TXN-F9F1840C,INV-A217A4A9,417.64,2024-09-17,Failed
TXN-6C73AA68,INV-CE2B379D,417.64,2024-10-14,Paid
TXN-3307951B,INV-20CBC11D,417.64,2024-11-12,Paid
TXN-5285D9FD,INV-867687AA,132.09,2023-01-10,Paid
TXN-B3F66BEA,INV-7D25425B,132.09,2023-04-10,Paid
TXN-C4BABE90,INV-87E97BAD,132.09,2023-07-09,Paid
TXN-10507932,INV-99F795E7,132.09,2023-10-03,Paid
TXN-167AA796,INV-AF57E446,132.09,2023-12-28,Paid
TXN-3B918A5A,INV-79E7FC8C,351.9,2022-06-01,Paid Late
TXN-A314F727,INV-1A4D7DEC,351.9,2022-09-22,Paid
TXN-8A34F98B,INV-9F48A4F3,351.9,2023-06-15,Paid Late
TXN-B48C63D1,INV-C604D366,629.22,2023-12-14,Paid
TXN-D62FE115,INV-724A8172,629.22,2024-03-16,Paid
TXN-C76686C0,INV-EA19B1C6,629.22,2024-06-12,Paid
TXN-5202D263,INV-A1465AE4,629.22,2024-09-13,Paid
TXN-B894042C,INV-3E565CDA,629.22,2024-12-07,Paid
TXN-F663A321,INV-9967E8A8,540.05,2024-06-16,Paid
TXN-75CA763E,INV-70A9A643,540.05,2024-12-12,Paid
TXN-06D8691F,INV-525B70F2,540.05,2025-06-09,Failed
TXN-F7F335BE,INV-525B70F2,540.05,2025-06-14,Paid
TXN-64E58B2E,INV-9DB4987F,507.02,2024-03-01,Failed
TXN-E274EDEF,INV-A97EEDDE,507.02,2024-04-07,Failed
TXN-F67509A9,INV-719BAA4D,507.02,2024-05-03,Paid
TXN-70F30FDD,INV-36FF3DF0,507.02,2024-06-05,Paid
TXN-661929B9,INV-9413CCE0,507.02,2024-07-30,Failed
TXN-56FA7B03,INV-1D26C644,1705.8,2022-01-15,Failed
TXN-CB72DD5E,INV-378A07B4,1705.8,2022-09-17,Paid Late
TXN-DA8052AD,INV-28D8AA64,1705.8,2023-01-08,Failed
TXN-6395AB3D,INV-28D8AA64,1705.8,2023-01-16,Paid
TXN-E3A52086,INV-29B15707,931.22,2025-11-10,Paid
TXN-71321A38,INV-7913DF41,931.22,2026-05-15,Paid
TXN-05834032,INV-7872009A,1003.11,2024-01-25,Paid
TXN-BAB81CD9,INV-0AE6CD96,1003.11,2024-02-17,Paid
TXN-087E9CEC,INV-83100C7C,1003.11,2024-03-20,Paid
TXN-33F7D27A,INV-86E59AD8,1003.11,2024-06-25,Paid Late
TXN-45D414C0,INV-3F57E6F5,1003.11,2024-05-19,Paid
TXN-A1A7F847,INV-D6660189,1003.11,2024-09-28,Paid Late
TXN-0014F7D9,INV-3C11ECFE,1003.11,2024-09-23,Failed
TXN-D7944C00,INV-3C11ECFE,1003.11,2024-10-01,Paid
TXN-B168C435,INV-1010D08D,1003.11,2024-10-22,Paid
TXN-3F6DAF55,INV-72B8613C,1003.11,2024-11-15,Failed
TXN-D6251735,INV-41E79789,1003.11,2025-02-20,Paid Late
TXN-311890EF,INV-961C193D,1003.11,2025-01-12,Paid
TXN-DD2085E1,INV-E539EFC3,1378.54,2025-07-09,Paid
TXN-348CBDBE,INV-3EAE33DD,1378.54,2026-01-27,Paid Late
TXN-96E5E80A,INV-4F249961,1378.54,2026-07-09,Failed
TXN-13AA09B6,INV-7A01A8D3,1307.38,2022-09-22,Paid
TXN-4A690854,INV-69D87056,1307.38,2022-12-13,Paid
TXN-7A8D4F2B,INV-2F1B7D3F,1307.38,2023-03-16,Paid
TXN-2187152E,INV-F9227054,1307.38,2023-06-12,Paid
TXN-967C84BE,INV-A72F2334,1783.86,2025-10-06,Paid
TXN-F013EF47,INV-3B623B1B,1783.86,2026-01-06,Failed
TXN-C3AE9416,INV-3B623B1B,1783.86,2026-01-12,Paid
TXN-2753C4A3,INV-13D180DF,1783.86,2026-06-26,Failed
TXN-251CB94B,INV-ACE57271,595.64,2026-03-12,Failed
TXN-DA56500C,INV-BF638727,595.64,2026-05-05,Failed
TXN-8D6040D2,INV-B63D28C9,536.71,2024-05-13,Paid
TXN-392CF9C3,INV-A93EE98B,536.71,2025-03-03,Paid Late
TXN-F59C970E,INV-C82788BC,168.33,2025-06-16,Paid
TXN-E03CA9A7,INV-52A48F33,168.33,2025-09-16,Paid
TXN-841E3C79,INV-36BA0188,168.33,2026-02-23,Paid Late
TXN-A75796F4,INV-FE3599B0,168.33,2026-03-18,Paid
TXN-544B9BC8,INV-FBC047C6,168.33,2026-06-10,Paid
TXN-231023D6,INV-F631DE38,1710.91,2025-01-29,Paid
TXN-52B3BBB6,INV-E81DF4C2,1710.91,2025-03-08,Paid
TXN-9CC0EA99,INV-F5909BFA,1710.91,2025-04-07,Paid
TXN-094AAF8B,INV-6BA8EEB4,1710.91,2025-04-29,Paid
TXN-BED3A266,INV-38492BA8,1710.91,2025-06-05,Paid
TXN-8C003141,INV-426C7AFD,1710.91,2025-07-01,Paid
TXN-1D2EF6B2,INV-B18A6F21,1710.91,2025-07-31,Paid
TXN-96CE2DA0,INV-0774A27F,1710.91,2025-09-02,Paid
TXN-6E8AD2F3,INV-72E8BF3A,1710.91,2025-09-25,Paid
TXN-DC45E87E,INV-AF119693,1710.91,2025-11-02,Paid
TXN-CE9C2040,INV-6BEF3700,1710.91,2025-11-30,Paid
TXN-AD5F1F9A,INV-6815F2DA,1710.91,2026-01-01,Paid
TXN-F2C0BE6C,INV-765B0B8B,1710.91,2026-01-25,Paid
TXN-120381FA,INV-760DE38F,1242.49,2023-09-21,Paid
TXN-8FCA9EEB,INV-905CDE25,1242.49,2024-01-14,Paid Late
TXN-A947990A,INV-9A702F14,1242.49,2023-11-23,Paid
TXN-1576713A,INV-6FFAC1EA,1242.49,2023-12-15,Paid
TXN-F74F6CB4,INV-F463A5D3,1242.49,2024-01-23,Paid
TXN-EEC8308A,INV-8850DB6A,1242.49,2024-02-21,Paid
TXN-0969D4A2,INV-D06387F1,1242.49,2024-06-21,Paid Late
TXN-23FBD19F,INV-185D3A86,1242.49,2024-04-18,Paid
TXN-39830FC2,INV-3F34C523,1242.49,2024-05-21,Paid
TXN-DA99A3AE,INV-CBBCB805,1242.49,2024-06-14,Paid
TXN-24407A61,INV-E5FB811F,1242.49,2024-07-16,Paid
TXN-8261491A,INV-202F6CCC,1242.49,2024-08-13,Paid
TXN-78DCC8E7,INV-3956353B,1242.49,2024-09-19,Paid
TXN-5340E17E,INV-060A632E,1487.61,2025-04-11,Paid
TXN-8E33523C,INV-0391A3F7,1487.61,2025-10-08,Paid
TXN-D5AF2C1F,INV-DEFA1EEA,1487.61,2026-03-30,Paid
TXN-11ED00B6,INV-06EEE06C,675.75,2023-10-26,Paid
TXN-85573A3D,INV-B324C6FB,675.75,2024-01-28,Paid
TXN-DA111145,INV-43645034,675.75,2024-07-30,Paid Late
TXN-C23E4919,INV-5C96D462,675.75,2024-07-22,Paid
TXN-AE9040D2,INV-EF3F7F4C,675.75,2024-10-26,Paid
TXN-312B1B07,INV-F54172C2,267.87,2025-10-19,Paid
TXN-7C4CC655,INV-12877E05,267.87,2026-04-21,Paid
TXN-89FB3BD8,INV-CDBB0260,1636.92,2024-09-01,Paid
TXN-92F60266,INV-1204731C,1636.92,2025-02-26,Paid
TXN-78EF0CC4,INV-564A509C,1636.92,2025-08-28,Paid
TXN-275C06D9,INV-8B40657C,252.94,2025-09-18,Paid
TXN-A453C51A,INV-052E584C,252.94,2025-12-16,Paid
TXN-CFBBA074,INV-918F3CF7,252.94,2026-03-14,Paid
TXN-62D65CED,INV-6089398B,252.94,2026-06-15,Paid
TXN-42C722CD,INV-A5AEB580,252.94,2026-09-12,Paid
TXN-B64C76E5,INV-F60DE367,632.41,2022-07-17,Paid
TXN-00533B18,INV-874BFDB2,632.41,2023-01-13,Failed
TXN-B5ECCD2E,INV-143964E8,1542.57,2023-04-08,Failed
TXN-7025C01C,INV-143964E8,1542.57,2023-04-12,Paid
TXN-AA6CFF47,INV-97FD4064,1542.57,2023-09-21,Paid Late
TXN-B217921E,INV-AA589A58,1542.57,2023-09-27,Paid Late
TXN-E1E2EEB6,INV-72A3D716,1542.57,2023-11-05,Paid Late
TXN-93417997,INV-47542299,593.23,2023-07-30,Failed
TXN-2178C903,INV-5B7158AF,593.23,2023-08-25,Failed
TXN-97524903,INV-EB0D9BC8,593.23,2023-09-19,Paid
TXN-09E2A6A1,INV-77CD464F,593.23,2023-10-23,Failed
TXN-36C63537,INV-13A06212,593.23,2023-12-17,Failed
TXN-EA314B76,INV-49F80B58,593.23,2024-03-21,Failed
TXN-EE27A7B0,INV-000E0F6A,593.23,2024-04-20,Failed
TXN-ECD73396,INV-000E0F6A,593.23,2024-04-26,Paid
TXN-55BB5001,INV-7F90DCCD,1622.91,2024-05-08,Paid
TXN-938E74EC,INV-C4034A38,1622.91,2024-11-03,Paid
TXN-78A811A8,INV-F75CF764,1622.91,2025-04-26,Paid
TXN-3406EF1E,INV-8C928B00,1768.5,2023-02-13,Paid
TXN-BE04812C,INV-0E6CA4DE,1768.5,2023-08-05,Paid
TXN-617E69FD,INV-6F3EA1EA,1768.5,2024-02-06,Paid
TXN-0F3B211E,INV-C6C0396D,1720.94,2024-11-16,Paid
TXN-7D634C1D,INV-B03A714A,1720.94,2024-12-13,Paid
TXN-319021BA,INV-B45A062D,1720.94,2025-01-08,Paid
TXN-79C144CE,INV-87A4EC36,1720.94,2025-04-24,Paid Late
TXN-66F0E0F1,INV-6B814ABE,1720.94,2025-03-14,Failed
TXN-4E89191A,INV-6B814ABE,1720.94,2025-03-24,Paid
TXN-E55B661A,INV-C4E96B55,1720.94,2025-04-08,Failed
TXN-CDF64CF1,INV-D53A6565,1720.94,2025-05-16,Paid
TXN-4C5CAF7D,INV-A55A25AA,1720.94,2025-08-14,Paid Late
TXN-56229D02,INV-9B76EDA8,1720.94,2025-07-11,Failed
TXN-355DF1E8,INV-FF524512,1720.94,2025-09-17,Paid Late
TXN-D84A4B34,INV-BC4993DE,1720.94,2025-11-15,Paid Late
TXN-7A79FCAE,INV-F33D6D5A,1720.94,2026-01-31,Paid Late
TXN-3978EDA6,INV-8A985458,722.63,2022-11-08,Failed
TXN-B38A39BF,INV-8A985458,722.63,2022-11-14,Paid
TXN-5259B55C,INV-7CAAE941,722.63,2023-05-04,Paid
TXN-CD6E7FA7,INV-7BD1BF9F,722.63,2023-10-31,Failed
TXN-3E1BCD90,INV-7BD1BF9F,722.63,2023-11-10,Paid
TXN-F3C93EF1,INV-476AB30D,1250.19,2026-03-19,Paid
TXN-AFB11128,INV-85BE5A83,1250.19,2026-04-20,Paid
TXN-BF650EA7,INV-1D5F60B9,1250.19,2026-05-21,Paid
TXN-6A6B2A3D,INV-459995F7,1250.19,2026-06-21,Paid
TXN-15301B0E,INV-AEB321F9,1250.19,2026-07-19,Paid
TXN-2AD07D45,INV-33374868,1250.19,2026-08-25,Paid
TXN-63E8FEA3,INV-084DDE33,1250.19,2026-09-16,Paid
TXN-54C717BC,INV-FF2E7482,363.0,2023-04-01,Failed
TXN-CA3A5F28,INV-5BA38BD5,279.93,2024-12-04,Failed
TXN-A597A286,INV-E91679D3,846.23,2022-10-27,Paid Late
TXN-5856F7CD,INV-810BA8E9,846.23,2022-10-07,Failed
TXN-3746FC45,INV-810BA8E9,846.23,2022-10-12,Paid
TXN-4CCD3D99,INV-0D2AB129,846.23,2023-02-09,Paid Late
TXN-72FD13AD,INV-7971FE9E,846.23,2022-12-14,Paid
TXN-725E88BF,INV-4BB35380,846.23,2023-01-14,Paid
TXN-85D12E60,INV-8F2FBFCC,846.23,2023-02-06,Paid
TXN-3631195F,INV-8B2ABA08,846.23,2023-03-08,Paid
TXN-CF3360C5,INV-5C3016F7,846.23,2023-04-11,Paid
TXN-986C35E7,INV-E6A873E6,846.23,2023-06-22,Paid Late
TXN-45787D2E,INV-62AF01FD,846.23,2023-08-01,Paid Late
TXN-83DCC28E,INV-E29BB8C7,846.23,2023-08-24,Paid Late
TXN-9BF9476E,INV-5E287D9D,846.23,2023-08-04,Failed
TXN-42007A78,INV-5E287D9D,846.23,2023-08-14,Paid
TXN-67A4AE14,INV-94C39563,846.23,2023-09-04,Failed
TXN-F1186B67,INV-94C39563,846.23,2023-09-13,Paid
TXN-B1D36AE5,INV-45042C9A,389.57,2025-10-09,Paid
TXN-57E41EA8,INV-73DE147B,389.57,2026-03-31,Paid
TXN-5166AEA6,INV-EFDE84DC,1737.71,2025-05-13,Paid
TXN-1B0B284C,INV-ABA594A5,1737.71,2025-08-08,Paid
TXN-C1F69279,INV-8D45B715,1737.71,2026-02-18,Paid Late
TXN-BED71D46,INV-AEC9A456,1737.71,2026-02-02,Paid
TXN-64ABB7EF,INV-8A410A0A,1737.71,2026-05-02,Paid
TXN-3EABBCEC,INV-7C59D49F,284.05,2025-01-31,Paid
TXN-0F27B33D,INV-12AC8659,284.05,2025-03-07,Paid
TXN-E5AB9CFF,INV-520F001B,284.05,2025-03-31,Paid
TXN-D2C9DB31,INV-0D7FB8D1,284.05,2025-04-30,Paid
TXN-710F2744,INV-2EA3A8B7,284.05,2025-06-06,Paid
TXN-E0F43FE1,INV-F7B22E2C,284.05,2025-07-05,Paid
TXN-0AE27C18,INV-D87DB685,284.05,2025-07-28,Paid
TXN-6A6DD34C,INV-7C8FD01F,284.05,2025-08-28,Paid
TXN-54DB34D6,INV-06373B90,284.05,2025-11-11,Paid Late
TXN-4A3755EE,INV-58C1F876,284.05,2025-10-31,Paid
TXN-49E7A978,INV-B633553B,284.05,2025-11-29,Paid
TXN-42F9CD2A,INV-9A21BFC8,284.05,2026-01-01,Paid
TXN-80C7D6EB,INV-CC2F1DA9,284.05,2026-01-30,Paid
TXN-451CC8A1,INV-BA2E1545,493.95,2026-03-11,Paid
TXN-4B0B31B4,INV-34F921B7,493.95,2026-06-12,Paid
TXN-9C7BE753,INV-12C890B2,493.95,2026-09-03,Paid
TXN-ECE0C8C4,INV-AAB9B068,500.94,2023-06-19,Paid
TXN-ABD075BF,INV-28EEF5C9,500.94,2023-07-17,Failed
TXN-C6F4987B,INV-28EEF5C9,500.94,2023-07-26,Paid
TXN-4167D858,INV-A1835CAD,500.94,2023-08-15,Paid
TXN-80A4BF34,INV-E89D8700,500.94,2023-12-08,Paid Late
TXN-52F63A23,INV-5D316351,500.94,2023-10-22,Paid
TXN-356FA5D7,INV-BA22D422,500.94,2023-11-13,Paid
TXN-1D5CBCB6,INV-601D0731,500.94,2023-12-16,Paid
TXN-C2A65BEA,INV-9D9AF595,500.94,2024-02-21,Paid Late
TXN-E4FD4186,INV-688A6184,500.94,2024-02-12,Paid
TXN-B62B8131,INV-067CF5AA,500.94,2024-03-21,Paid
TXN-2F273B7C,INV-5D5D1FBA,500.94,2024-04-19,Paid
TXN-823A5A0A,INV-8DEF3E01,500.94,2024-05-16,Paid
TXN-7B9256F9,INV-75790FFD,500.94,2024-09-29,Paid Late
TXN-06E367BD,INV-1C48865D,1647.91,2025-08-02,Paid
TXN-F5D49494,INV-E0B36F6B,1647.91,2026-02-03,Paid
TXN-29BCA26A,INV-1BD51E5D,1647.91,2026-07-30,Paid
TXN-44096229,INV-2EFEFD2E,1234.71,2025-07-15,Paid
TXN-F7FF0830,INV-9150269F,1234.71,2025-10-10,Paid
TXN-9D277458,INV-DC116D12,1234.71,2026-01-10,Paid
TXN-60F4DC9B,INV-ED7063A8,1234.71,2026-04-05,Paid
TXN-7B1DBA51,INV-4DA39E6D,1234.71,2026-07-10,Paid
TXN-902964BF,INV-2B32CC5C,597.27,2024-06-22,Paid
TXN-E65801ED,INV-45ABCCE1,597.27,2024-12-25,Paid
TXN-46B9C4F9,INV-45F37C5A,597.27,2025-06-20,Paid
TXN-A1BE7177,INV-0937FF77,1038.53,2023-05-06,Failed
TXN-8B76E17A,INV-DE64C231,1038.53,2023-09-29,Paid Late
TXN-5ABE1F30,INV-53B0F709,1038.53,2023-10-24,Paid
TXN-8C343EB5,INV-C7E660B7,1038.53,2024-02-04,Failed
TXN-F2DA6B5A,INV-C7E660B7,1038.53,2024-02-13,Paid
TXN-BC96A85B,INV-5FAE0D0D,1038.53,2024-04-25,Paid
TXN-6F7EB329,INV-927A976C,168.64,2023-10-19,Paid
TXN-975DB21E,INV-34EAAF46,168.64,2024-01-09,Paid Late
TXN-92EDAEDD,INV-1B294256,168.64,2023-12-23,Paid
TXN-9EAFB361,INV-A16C4605,168.64,2024-05-01,Paid Late
TXN-D4E551BD,INV-06F54486,168.64,2024-02-24,Paid
TXN-04C01C56,INV-6AB32590,168.64,2024-03-18,Paid
TXN-1333591A,INV-A5317B2B,168.64,2024-05-29,Paid Late
TXN-74FEFD90,INV-C244EA71,168.64,2024-05-23,Paid
TXN-31B38EEE,INV-12F1B715,168.64,2024-06-14,Paid
TXN-4B20CCFE,INV-BC501E7D,168.64,2024-07-22,Failed
TXN-29551B36,INV-01355BBF,168.64,2024-08-15,Paid
TXN-60E367B2,INV-AD40D0E7,168.64,2024-10-23,Paid Late
TXN-3DBE7720,INV-F72A5A3D,168.64,2024-10-12,Paid
TXN-9D4E6063,INV-5BBDEF19,1029.58,2023-08-11,Paid Late
TXN-B920C22D,INV-5D5DE623,697.93,2025-12-23,Paid
TXN-49C6527E,INV-AE8F59EC,697.93,2026-01-23,Paid
TXN-F9340456,INV-D8C534DB,697.93,2026-02-24,Paid
TXN-476330BB,INV-D6D1428C,697.93,2026-03-19,Paid
TXN-A8CF33E3,INV-4F340FAA,697.93,2026-07-03,Paid Late
TXN-BBDD5CF2,INV-C2FC25B3,697.93,2026-05-25,Paid
TXN-1AC161A8,INV-BD3B501B,697.93,2026-07-27,Paid Late
TXN-F7B67E48,INV-B5013D5C,697.93,2026-07-20,Paid
TXN-7C8BBF40,INV-00716138,697.93,2026-08-18,Paid
TXN-E6D467FA,INV-A2CBCAA1,697.93,2026-09-20,Paid
TXN-B21CFEFC,INV-81F50F04,587.73,2024-04-19,Paid
TXN-4A7DEAE0,INV-42E14476,587.73,2024-10-20,Paid
TXN-E0FC68FC,INV-13A982DB,587.73,2025-04-11,Paid
TXN-CB5A9FB9,INV-E43014AD,1702.76,2024-08-18,Paid
TXN-1A4AF57E,INV-82B81BF0,1702.76,2025-01-05,Paid Late
TXN-22BBB78C,INV-E9B28C68,1702.76,2024-10-16,Paid
TXN-51ECADF5,INV-2EBDF708,1702.76,2024-11-20,Paid
TXN-7E9BC03A,INV-4908F37F,1702.76,2024-12-18,Paid
TXN-4EDE7478,INV-91FDEBBA,1702.76,2025-02-27,Paid Late
TXN-85627484,INV-938DE70D,1702.76,2025-02-12,Paid
TXN-81C28CE0,INV-1787C5DC,1702.76,2025-03-18,Paid
TXN-B33E10CD,INV-78A460A2,1702.76,2025-04-19,Paid
TXN-047CF8D0,INV-96BE2E76,1702.76,2025-05-17,Paid
TXN-2E6DEA92,INV-C682B0DA,1702.76,2025-06-10,Paid
TXN-DA575805,INV-90F97811,1702.76,2025-07-12,Paid
TXN-32D547CD,INV-F0992250,1702.76,2025-08-11,Paid
TXN-51C1923D,INV-4106B8B7,339.77,2024-11-12,Failed
TXN-776A6819,INV-6B835222,1176.89,2025-03-30,Paid
TXN-F65B8A77,INV-B51ED2DC,1176.89,2025-06-25,Paid
TXN-AB64E744,INV-A484755D,1176.89,2025-09-27,Paid
TXN-582FDD78,INV-DFD5B510,1176.89,2025-12-23,Paid
TXN-2A7BD9D8,INV-427DB4E8,1176.89,2026-03-26,Paid
TXN-260F8470,INV-F8E6A9A2,1001.47,2024-01-01,Paid
TXN-928C297B,INV-FCFBE5B9,1001.47,2024-03-25,Paid
TXN-9558E92A,INV-4F01DA0B,1001.47,2024-06-23,Paid
TXN-39FEC713,INV-444A51E3,1001.47,2024-09-21,Paid
TXN-BA968F26,INV-0FE25BE1,1001.47,2024-12-20,Paid
TXN-6FCBA215,INV-63935430,410.12,2025-01-11,Paid
TXN-07A80D13,INV-02078296,410.12,2025-07-12,Paid
TXN-85B77E14,INV-1CC9BE79,410.12,2026-01-04,Paid
TXN-831A5678,INV-4328C2B2,869.48,2025-01-25,Paid
TXN-F96E2267,INV-DD13A529,869.48,2025-07-30,Paid
TXN-1D2667FF,INV-DE7FADC5,869.48,2026-01-27,Paid
TXN-00973B58,INV-CA5907BA,1204.43,2024-11-23,Paid Late
TXN-891886AE,INV-6D683EA7,1204.43,2025-01-04,Paid
TXN-F485717A,INV-337E9BD4,1204.43,2025-04-04,Paid
TXN-990060B3,INV-B38248A9,1204.43,2025-07-01,Paid
TXN-9157C14D,INV-6FB2EE76,1204.43,2025-09-30,Paid
TXN-5E457107,INV-FF689AB3,939.76,2024-09-25,Paid
TXN-5296C34A,INV-52ED45CB,939.76,2025-01-24,Paid Late
TXN-2B29F8E3,INV-5149B4F2,939.76,2025-03-27,Paid
TXN-F26B8898,INV-FF40A3E1,939.76,2025-06-27,Paid
TXN-01C1F530,INV-CE70ECC9,939.76,2025-09-22,Paid
TXN-4336B0B1,INV-C8848374,546.28,2023-11-23,Paid
TXN-7FE00E76,INV-29DDAAE5,546.28,2024-05-20,Paid
TXN-F25D6B61,INV-FE551DE0,546.28,2024-12-29,Paid Late
TXN-F1437B6A,INV-5EF5F1EC,388.49,2026-02-23,Paid Late
TXN-91F00CB8,INV-0E958B0D,388.49,2026-04-27,Paid
TXN-931A1B21,INV-E7B05106,328.01,2022-11-22,Paid Late
TXN-A29D26B8,INV-44DF7033,328.01,2023-03-08,Paid Late
TXN-0E1482A9,INV-79663492,328.01,2023-06-21,Failed
TXN-064EDF13,INV-AB312E84,328.01,2023-09-24,Failed
TXN-4A383329,INV-5E78333C,650.58,2022-06-28,Paid
TXN-4B95A584,INV-0AD85014,650.58,2022-09-25,Paid
TXN-09C769A0,INV-2C034905,650.58,2022-12-25,Paid
TXN-8DC88D99,INV-62B3EA4F,650.58,2023-03-21,Paid
TXN-1F8179E7,INV-CBA0DE92,650.58,2023-09-03,Paid Late
TXN-9D1C0640,INV-8F6D6A5C,479.29,2024-08-05,Paid
TXN-BCCCD4F1,INV-D0C951D9,479.29,2024-09-06,Paid
TXN-17A3F28A,INV-CABAB58C,479.29,2024-10-09,Paid
TXN-D0416821,INV-E8E6B819,479.29,2024-11-04,Paid
TXN-1064B161,INV-E177B321,479.29,2024-12-02,Paid
TXN-36FE6AA4,INV-778E44F9,479.29,2025-01-08,Paid
TXN-30A61946,INV-39B498A5,479.29,2025-02-08,Paid
TXN-31593839,INV-D736538C,479.29,2025-03-07,Paid
TXN-2227B994,INV-22B9C9DB,479.29,2025-04-05,Paid
TXN-8763C9A1,INV-7788CEAB,479.29,2025-05-10,Paid
TXN-E7FED39F,INV-8BCF19F7,479.29,2025-06-01,Paid
TXN-C39DD676,INV-718099BF,479.29,2025-06-30,Paid
TXN-3BAB8BA2,INV-E2B66347,479.29,2025-08-03,Paid
TXN-EB2842EA,INV-CFC4E7FD,1304.08,2024-02-18,Paid
TXN-413F239F,INV-3A4263BB,1304.08,2024-03-23,Paid
TXN-E1727AC6,INV-52A92FB1,1304.08,2024-04-22,Paid
TXN-796D4D85,INV-BBFB0658,1304.08,2024-05-21,Paid
TXN-BB8B3B28,INV-B3F00103,1304.08,2024-06-22,Paid
TXN-68A80AEB,INV-0C28A986,1304.08,2024-07-25,Paid
TXN-CAB9B9E0,INV-F86C7031,1304.08,2024-08-24,Paid
TXN-C4BD5B3E,INV-282B6610,1304.08,2024-09-22,Paid
TXN-53701411,INV-F8F62CF3,1304.08,2024-10-18,Paid
TXN-C32FFC9D,INV-873174DB,1304.08,2024-11-21,Paid
TXN-D209955F,INV-429B2606,1304.08,2024-12-20,Paid
TXN-A18F374F,INV-BD56A506,1304.08,2025-01-18,Paid
TXN-C6962701,INV-0006E374,1304.08,2025-02-18,Paid
TXN-878F47FC,INV-50BD8E43,747.02,2024-07-23,Paid
TXN-ACBF370F,INV-C359D407,747.02,2024-10-24,Paid
TXN-2216F57D,INV-8F42522C,747.02,2025-01-26,Paid
TXN-55FFB6E8,INV-355C5D69,747.02,2025-04-18,Paid
TXN-AD402F83,INV-35D593D3,747.02,2025-07-21,Paid
TXN-DA3A03F0,INV-92144FEA,541.66,2023-07-30,Paid
TXN-24034B44,INV-FDDBC7FA,541.66,2023-09-04,Failed
TXN-C2079A87,INV-E896720A,541.66,2023-09-27,Failed
TXN-02C8128A,INV-2C2EDA9B,541.66,2024-01-28,Failed
TXN-F2EB1A40,INV-A33091E0,541.66,2024-04-20,Paid Late
TXN-AF9EC051,INV-F446F19A,541.66,2024-06-26,Paid Late
TXN-8E0EA92D,INV-FED27873,1482.62,2024-08-23,Failed
TXN-1AE26354,INV-FF9012DC,314.13,2023-12-20,Paid
TXN-E0EFBA5E,INV-75915161,314.13,2024-06-23,Paid
TXN-5993F641,INV-6D086881,314.13,2024-12-13,Paid
TXN-FB925BBB,INV-431B8394,1746.21,2025-09-28,Failed
TXN-6975DCB9,INV-431B8394,1746.21,2025-10-03,Paid
TXN-DC711812,INV-4812EDF8,1746.21,2025-11-02,Paid
TXN-D61C9D66,INV-AD3C9583,1746.21,2025-11-29,Failed
TXN-130373BA,INV-66F7C46B,707.83,2023-02-16,Failed
TXN-54B2030F,INV-66F7C46B,707.83,2023-02-21,Paid
TXN-79C9F50C,INV-8FEBF0A9,707.83,2023-03-21,Paid
TXN-E9BC6822,INV-C07F2FBB,707.83,2023-05-22,Failed
TXN-889A2D78,INV-15E743D1,873.99,2022-09-21,Paid
TXN-B426CBDC,INV-700F89F3,873.99,2023-03-18,Paid
TXN-0CBFC1BC,INV-8D3DE051,873.99,2023-12-03,Paid Late
TXN-4EBBE663,INV-2C4C1410,1237.52,2025-03-11,Paid
TXN-E3A7DA95,INV-A3DFC37A,1237.52,2025-09-18,Paid Late
TXN-A36DE363,INV-3AF018AE,1237.52,2025-11-25,Paid Late
TXN-4DD73891,INV-9D54BCCA,1237.52,2026-01-12,Paid Late
TXN-FFD98506,INV-10923343,1237.52,2026-06-12,Paid Late
TXN-AA92AB16,INV-9C376FF6,904.28,2024-02-01,Paid
TXN-36C5316D,INV-39F0EC89,904.28,2024-07-28,Paid
TXN-EFDEF128,INV-F114214D,904.28,2025-01-28,Failed
TXN-10DBF59E,INV-F114214D,904.28,2025-02-06,Paid
TXN-DA6D030A,INV-BBE46CED,1440.04,2025-06-02,Paid
TXN-0D6D9763,INV-46DDFC0F,1440.04,2025-12-03,Paid
TXN-1222A132,INV-5F9C8909,1440.04,2026-06-06,Failed
TXN-7078A9B9,INV-5F9C8909,1440.04,2026-06-13,Paid
TXN-1C15C2F7,INV-F43B9B51,1211.07,2022-12-03,Paid
TXN-A3627593,INV-C3EBDFEF,1211.07,2023-04-17,Paid Late
TXN-DC294006,INV-F1401412,1211.07,2023-03-03,Paid
TXN-5587A98B,INV-E009AE76,1211.07,2023-06-26,Paid Late
TXN-A1009F3C,INV-726B0BBB,1211.07,2023-05-05,Paid
TXN-949A0FA1,INV-B1543382,1211.07,2023-06-09,Failed
TXN-3AB2276D,INV-B1543382,1211.07,2023-06-18,Paid
TXN-9A102961,INV-301EC147,1211.07,2023-07-07,Failed
TXN-78C6AEF6,INV-301EC147,1211.07,2023-07-12,Paid
TXN-D7C476B7,INV-292C0071,1211.07,2023-11-18,Paid Late
TXN-9B7B1C49,INV-638C2FB6,1211.07,2023-09-05,Paid
TXN-B8BFCE2D,INV-2863BF5F,1211.07,2023-09-30,Paid
TXN-190EBF31,INV-80E33895,1211.07,2023-11-01,Paid
TXN-52A6ABCB,INV-0B3FAD31,1211.07,2023-12-07,Paid
TXN-6E229D0D,INV-495481DA,910.37,2023-10-06,Paid
TXN-429349EA,INV-5D152D61,910.37,2024-04-07,Paid
TXN-34A91DCC,INV-B07046AF,910.37,2024-10-02,Paid
TXN-1D86FE00,INV-A4D2C2C5,670.07,2024-03-25,Paid
TXN-757DFDC6,INV-2D27C7CF,670.07,2024-04-27,Paid
TXN-27597BE1,INV-29E0F29E,670.07,2024-05-30,Paid
TXN-030B9078,INV-98AC3F81,670.07,2024-08-29,Paid Late
TXN-99A1C67A,INV-E70E4C2C,670.07,2024-09-05,Paid Late
TXN-730A93DD,INV-B3FE4D8C,670.07,2024-08-21,Paid
TXN-13A9E078,INV-28718D58,670.07,2024-09-28,Paid
TXN-865748C2,INV-8FFFF75A,670.07,2024-10-21,Paid
TXN-1551D91A,INV-1C5AF800,670.07,2024-11-21,Paid
TXN-91AE0902,INV-5C147BAB,670.07,2025-02-10,Paid Late
TXN-DEDE8DF3,INV-8FE5A53A,670.07,2025-01-19,Paid
TXN-B39D5845,INV-60227328,670.07,2025-02-24,Paid
TXN-A5170F54,INV-47F68EEF,670.07,2025-03-25,Paid
TXN-E0922ADD,INV-3F62C9A8,1163.19,2022-06-13,Paid
TXN-3E416768,INV-E6DAE2DB,1163.19,2023-06-01,Paid
TXN-9623B5CC,INV-E44F7528,853.27,2022-07-31,Paid
TXN-839F9DCA,INV-B1F12B0F,853.27,2022-11-02,Paid
TXN-199FC29A,INV-619F7ED6,853.27,2023-02-01,Paid
TXN-DA9B9F37,INV-E22B1D37,853.27,2023-04-29,Paid
TXN-ECF898E4,INV-F013217B,853.27,2023-07-24,Paid
TXN-40CD7C28,INV-15EBEC32,401.57,2025-03-09,Paid
TXN-E5E7A63F,INV-95585AEF,401.57,2025-04-12,Paid
TXN-7C35356D,INV-6CC10A2A,401.57,2025-05-05,Paid
TXN-6B670B9A,INV-3AF332D7,401.57,2025-06-05,Paid
TXN-1616678E,INV-FEBFD5A7,401.57,2025-07-07,Paid
TXN-828D6581,INV-A9C2EDF3,401.57,2025-08-07,Paid
TXN-3F69D631,INV-8C5FA3FB,401.57,2025-10-02,Paid
TXN-30CB80A5,INV-5978073B,401.57,2026-01-17,Paid Late
TXN-57846BC8,INV-3F8FD90E,401.57,2025-12-05,Paid
TXN-9B6F04DE,INV-13B4C780,401.57,2026-01-04,Paid
TXN-87CED68D,INV-852B319E,401.57,2026-01-30,Paid
TXN-493EF771,INV-19A73246,401.57,2026-03-04,Failed
TXN-DDCB4A1A,INV-8133B4B1,722.09,2025-01-03,Paid
TXN-20439518,INV-C81426B6,722.09,2025-06-28,Paid
TXN-2B70F06D,INV-D323B84B,722.09,2026-01-01,Failed
TXN-8458DAF0,INV-D323B84B,722.09,2026-01-07,Paid
TXN-9456078C,INV-45E14E24,399.5,2024-01-30,Paid
TXN-45BB0392,INV-5B8CB582,399.5,2024-09-18,Paid Late
TXN-0FC4548C,INV-983F510F,399.5,2025-02-02,Paid
TXN-CEADBDC8,INV-BD05386D,576.8,2022-01-28,Paid
TXN-A5FD2F9F,INV-2CC7971D,576.8,2022-07-11,Paid Late
TXN-2CB0A612,INV-D4661526,576.8,2022-08-04,Paid
TXN-62678625,INV-63D01B08,576.8,2022-11-05,Failed
TXN-99CDF4FA,INV-3C045732,1737.79,2022-08-08,Paid
TXN-B38AA508,INV-0A1BD721,794.88,2026-01-22,Paid
TXN-CC0DED2B,INV-0001C814,794.88,2026-02-26,Failed
TXN-067F33B9,INV-929ED4F7,369.32,2026-02-15,Failed
TXN-5D20404A,INV-929ED4F7,369.32,2026-02-24,Paid
TXN-BC3386EA,INV-6F38AA51,1408.78,2024-08-13,Paid
TXN-987A4416,INV-2D49D62C,1408.78,2025-02-07,Paid
TXN-F00097BA,INV-A78489BA,1408.78,2025-08-13,Paid
TXN-44F5683C,INV-3CA37253,1496.05,2025-05-07,Paid
TXN-17E03A97,INV-ED423AFA,1496.05,2025-07-31,Paid
TXN-45F86EB8,INV-B06A52C6,1496.05,2025-11-03,Paid
TXN-AF4832FE,INV-FEC681BF,1496.05,2026-01-31,Paid
TXN-37998F1F,INV-9C81FB86,1496.05,2026-05-03,Paid
TXN-41AF014D,INV-794490E4,1584.67,2022-07-06,Failed
TXN-4C89BB17,INV-794490E4,1584.67,2022-07-11,Paid
TXN-2DEB65FD,INV-01AA1AD9,1584.67,2022-09-30,Paid
TXN-5A7B11D5,INV-ED9FA7CB,1584.67,2023-01-01,Paid
TXN-AC00F358,INV-164B0C4C,1584.67,2023-04-02,Paid
TXN-4D97E649,INV-FF07CEA3,1584.67,2023-06-25,Paid
TXN-9C10A687,INV-584AA20C,1091.23,2026-03-27,Paid
TXN-51E8BF59,INV-5336F37F,1091.23,2026-09-23,Paid
TXN-D6F5DD81,INV-8977B67A,365.49,2023-11-22,Paid
TXN-DE168817,INV-FDC1CB12,1060.53,2023-01-15,Failed
TXN-B6904B2B,INV-FDC1CB12,1060.53,2023-01-25,Paid
TXN-F18B071E,INV-86C6B029,1060.53,2023-09-15,Paid Late
TXN-D4D0BA7C,INV-71956142,1060.53,2023-10-16,Failed
TXN-1F4E7393,INV-238F5448,1718.12,2023-12-01,Paid
TXN-F2DE458A,INV-8C0BF1AC,1718.12,2024-07-01,Paid Late
TXN-BB855624,INV-304605B1,1735.97,2023-07-21,Paid
TXN-908606B3,INV-AA23DCC3,1735.97,2023-12-03,Paid Late
TXN-A3A6802A,INV-41769696,1735.97,2023-10-20,Paid Late
TXN-2DA5E2C5,INV-904B15C6,634.01,2023-05-18,Paid
TXN-487683C6,INV-0FB561A5,634.01,2023-08-18,Paid
TXN-6FF87724,INV-2869A34C,634.01,2023-11-12,Paid
TXN-0ED5C34B,INV-FAF7B6C3,634.01,2024-02-06,Paid
TXN-01B2A45C,INV-DD906E20,634.01,2024-05-08,Paid
TXN-412C2410,INV-D0C9B050,1446.71,2025-05-12,Paid Late
TXN-25EA49D8,INV-AE2F9716,1446.71,2025-03-15,Failed
TXN-E6E79A3D,INV-AE2F9716,1446.71,2025-03-18,Paid
TXN-23D8B116,INV-652B42CE,1446.71,2025-04-19,Paid
TXN-5B17AA2C,INV-CEA04430,1446.71,2025-05-25,Failed
TXN-5FD3F42C,INV-C902A040,1446.71,2025-06-16,Failed
TXN-FCFD2DAA,INV-8591612C,1446.71,2025-11-05,Paid Late
TXN-46B09652,INV-5ACB0683,1446.71,2025-08-14,Paid
TXN-31D06A91,INV-C324DBA2,1446.71,2025-10-13,Paid
TXN-3F96D833,INV-DC7FA9EE,1446.71,2025-11-12,Paid
TXN-B75538E9,INV-226471EE,1446.71,2025-12-12,Paid
TXN-BB28B686,INV-E2623BAB,1446.71,2026-03-14,Paid Late
TXN-9094C56E,INV-E0958B62,1446.71,2026-04-25,Paid Late
TXN-687AFF6A,INV-1965FC99,660.94,2025-11-17,Paid
TXN-901AF7B9,INV-56E6EE37,660.94,2026-08-01,Paid Late
TXN-C32E3462,INV-CEA58EBC,1617.95,2024-07-14,Paid
TXN-A557A706,INV-EB6FC347,1617.95,2024-10-18,Paid Late
TXN-EC9CF426,INV-051B3415,1617.95,2024-09-07,Failed
TXN-0A711376,INV-019AB627,1617.95,2024-10-13,Paid
TXN-5000B469,INV-C79E7375,1617.95,2024-11-06,Paid
TXN-E5C3BF76,INV-7BCDA2EF,1617.95,2024-12-13,Paid
TXN-3B1AC033,INV-1A64E357,1617.95,2025-01-08,Paid
TXN-261583D8,INV-7487F58B,1617.95,2025-02-10,Failed
TXN-B73CE1CB,INV-26751486,1617.95,2025-03-09,Paid
TXN-15E61D7A,INV-A4646FB8,1617.95,2025-04-09,Paid
TXN-A0C3E738,INV-581BE657,1617.95,2025-05-08,Failed
TXN-84B30C52,INV-4B102BDA,1617.95,2025-08-07,Paid Late
TXN-1A8CE640,INV-95B503B2,1617.95,2025-07-10,Paid
TXN-547D5585,INV-9D8D6CD4,1283.04,2022-08-17,Paid
TXN-8FB2AD59,INV-84B6833F,1283.04,2022-09-15,Paid
TXN-2DDB0C35,INV-9483124F,1283.04,2022-10-09,Paid
TXN-4300F2EB,INV-58F9FE87,1283.04,2023-01-23,Paid Late
TXN-8DE21F8A,INV-358FF37A,1283.04,2023-01-11,Paid
TXN-88E058CE,INV-745500C5,1283.04,2023-02-09,Paid
TXN-67879670,INV-B29485DA,1283.04,2023-03-13,Paid
TXN-5487F297,INV-67459931,1283.04,2023-04-11,Paid
TXN-D6EC0F8E,INV-69ECDF7A,1283.04,2023-05-15,Failed
TXN-26CDF097,INV-F2EDFA1C,1283.04,2023-07-06,Paid
TXN-04EA6189,INV-181011FF,738.28,2025-11-20,Paid
TXN-DB0D83B7,INV-7ADB124C,738.28,2026-02-21,Paid
TXN-6B39D8F0,INV-560B74D8,738.28,2026-05-20,Paid
TXN-A6BD87AC,INV-3C66E82E,738.28,2026-08-19,Paid
TXN-AEBD04AD,INV-2BF5C752,1198.03,2025-09-28,Paid
TXN-A0504A88,INV-ED56EE74,1198.03,2025-12-24,Paid
TXN-52D13B9D,INV-ED80CF84,1198.03,2026-03-26,Paid
TXN-0A37D357,INV-3FE87A18,1198.03,2026-06-21,Paid
TXN-6F222A84,INV-ACC5BB49,1198.03,2026-09-26,Paid
